ISO-10303-21;
HEADER;
/* Generated by software containing ST-Developer
 * from STEP Tools, Inc. (www.steptools.com) 
 */
/* OPTION: using custom renumber hook */

FILE_DESCRIPTION(
/* description */ ('STEP AP242 Edition 2',
'CAx-IF Rec.Pracs.---Representation and Presentation of Product Manufa
cturing Information (PMI)---4.0---2014-10-13',
'CAx-IF Rec.Pracs.---3D Tessellated Geometry---0.4---2014-09-14','2;1',
'CAx-IF Rec.Pracs.---User Defined Attributes---1.5---2016-08-15'),
/* implementation_level */ '2;1');

FILE_NAME(
/* name */ 'USBuddy Case',
/* time_stamp */ '2026-07-18T18:15:11Z',
/* author */ (''),
/* organization */ (''),
/* preprocessor_version */ 'ST-DEVELOPER v20',
/* originating_system */ 'ONSHAPE BY PTC INC, 1.218',
/* authorisation */ '  ');

FILE_SCHEMA (('AP242_MANAGED_MODEL_BASED_3D_ENGINEERING_MIM_LF { 1 0 10303 442 3 1 4 }'));
ENDSEC;

DATA;
#10=SHAPE_REPRESENTATION_RELATIONSHIP('','',#1621,#12);
#11=SHAPE_REPRESENTATION_RELATIONSHIP('','',#1622,#13);
#12=ADVANCED_BREP_SHAPE_REPRESENTATION('',(#1617),#2677);
#13=ADVANCED_BREP_SHAPE_REPRESENTATION('',(#1618),#2678);
#14=PLANE('',#1629);
#15=PLANE('',#1640);
#16=PLANE('',#1649);
#17=PLANE('',#1653);
#18=PLANE('',#1657);
#19=PLANE('',#1661);
#20=PLANE('',#1665);
#21=PLANE('',#1666);
#22=PLANE('',#1670);
#23=PLANE('',#1674);
#24=PLANE('',#1678);
#25=PLANE('',#1679);
#26=PLANE('',#1680);
#27=PLANE('',#1684);
#28=PLANE('',#1688);
#29=PLANE('',#1689);
#30=PLANE('',#1690);
#31=PLANE('',#1691);
#32=PLANE('',#1694);
#33=PLANE('',#1697);
#34=PLANE('',#1698);
#35=PLANE('',#1699);
#36=PLANE('',#1700);
#37=PLANE('',#1701);
#38=PLANE('',#1702);
#39=PLANE('',#1703);
#40=PLANE('',#1704);
#41=PLANE('',#1705);
#42=PLANE('',#1706);
#43=PLANE('',#1707);
#44=PLANE('',#1708);
#45=PLANE('',#1709);
#46=PLANE('',#1710);
#47=PLANE('',#1711);
#48=PLANE('',#1712);
#49=PLANE('',#1713);
#50=PLANE('',#1714);
#51=PLANE('',#1715);
#52=PLANE('',#1716);
#53=PLANE('',#1717);
#54=PLANE('',#1719);
#55=PLANE('',#1725);
#56=PLANE('',#1729);
#57=PLANE('',#1733);
#58=PLANE('',#1734);
#59=PLANE('',#1738);
#60=PLANE('',#1742);
#61=PLANE('',#1746);
#62=PLANE('',#1750);
#63=PLANE('',#1751);
#64=PLANE('',#1754);
#65=PLANE('',#1757);
#66=PLANE('',#1759);
#67=CIRCLE('',#1625,0.00598755164510198);
#68=CIRCLE('',#1626,0.00598755164510198);
#69=CIRCLE('',#1627,0.00598755164510198);
#70=CIRCLE('',#1628,0.00598755164510198);
#71=CIRCLE('',#1631,0.00598755164510202);
#72=CIRCLE('',#1632,0.00598755164510202);
#73=CIRCLE('',#1633,0.00598755164510202);
#74=CIRCLE('',#1634,0.00598755164510202);
#75=CIRCLE('',#1636,0.00398755164510198);
#76=CIRCLE('',#1637,0.00398755164510198);
#77=CIRCLE('',#1638,0.00398755164510198);
#78=CIRCLE('',#1639,0.00398755164510198);
#79=CIRCLE('',#1642,0.0039875516451019);
#80=CIRCLE('',#1643,0.0039875516451019);
#81=CIRCLE('',#1644,0.0039875516451019);
#82=CIRCLE('',#1645,0.0039875516451019);
#83=CIRCLE('',#1647,0.00598755164510198);
#84=CIRCLE('',#1648,0.00598755164510198);
#85=CIRCLE('',#1651,0.00598755164510195);
#86=CIRCLE('',#1652,0.00598755164510195);
#87=CIRCLE('',#1655,0.00598755164510199);
#88=CIRCLE('',#1656,0.00598755164510199);
#89=CIRCLE('',#1659,0.00598755164510201);
#90=CIRCLE('',#1660,0.00598755164510201);
#91=CIRCLE('',#1663,0.00598756089051403);
#92=CIRCLE('',#1664,0.00598756089051403);
#93=CIRCLE('',#1668,0.00398755164510201);
#94=CIRCLE('',#1669,0.00398755164510201);
#95=CIRCLE('',#1672,0.00398755164510201);
#96=CIRCLE('',#1673,0.00398755164510201);
#97=CIRCLE('',#1676,0.003987551645102);
#98=CIRCLE('',#1677,0.003987551645102);
#99=CIRCLE('',#1682,0.00398756089051398);
#100=CIRCLE('',#1683,0.00398756089051398);
#101=CIRCLE('',#1686,0.00398755164510198);
#102=CIRCLE('',#1687,0.00398755164510198);
#103=CIRCLE('',#1692,0.001651003302007);
#104=CIRCLE('',#1693,0.001651003302007);
#105=CIRCLE('',#1695,0.001651003302007);
#106=CIRCLE('',#1696,0.001651003302007);
#107=CIRCLE('',#1723,0.00598755164510198);
#108=CIRCLE('',#1724,0.00598755164510198);
#109=CIRCLE('',#1727,0.00598755164510202);
#110=CIRCLE('',#1728,0.00598755164510202);
#111=CIRCLE('',#1731,0.00598755164510198);
#112=CIRCLE('',#1732,0.00598755164510198);
#113=CIRCLE('',#1736,0.00598756089051403);
#114=CIRCLE('',#1737,0.00598756089051403);
#115=CIRCLE('',#1740,0.00598755164510201);
#116=CIRCLE('',#1741,0.00598755164510201);
#117=CIRCLE('',#1744,0.00598755164510199);
#118=CIRCLE('',#1745,0.00598755164510199);
#119=CIRCLE('',#1748,0.00598755164510195);
#120=CIRCLE('',#1749,0.00598755164510195);
#121=CIRCLE('',#1752,0.001651003302007);
#122=CIRCLE('',#1753,0.001651003302007);
#123=CIRCLE('',#1755,0.001651003302007);
#124=CIRCLE('',#1756,0.001651003302007);
#125=ORIENTED_EDGE('',*,*,#587,.T.);
#126=ORIENTED_EDGE('',*,*,#588,.T.);
#127=ORIENTED_EDGE('',*,*,#589,.F.);
#128=ORIENTED_EDGE('',*,*,#590,.F.);
#129=ORIENTED_EDGE('',*,*,#591,.T.);
#130=ORIENTED_EDGE('',*,*,#592,.F.);
#131=ORIENTED_EDGE('',*,*,#593,.F.);
#132=ORIENTED_EDGE('',*,*,#594,.T.);
#133=ORIENTED_EDGE('',*,*,#595,.T.);
#134=ORIENTED_EDGE('',*,*,#596,.T.);
#135=ORIENTED_EDGE('',*,*,#587,.F.);
#136=ORIENTED_EDGE('',*,*,#597,.T.);
#137=ORIENTED_EDGE('',*,*,#598,.T.);
#138=ORIENTED_EDGE('',*,*,#599,.T.);
#139=ORIENTED_EDGE('',*,*,#600,.F.);
#140=ORIENTED_EDGE('',*,*,#601,.F.);
#141=ORIENTED_EDGE('',*,*,#602,.T.);
#142=ORIENTED_EDGE('',*,*,#603,.F.);
#143=ORIENTED_EDGE('',*,*,#591,.F.);
#144=ORIENTED_EDGE('',*,*,#604,.F.);
#145=ORIENTED_EDGE('',*,*,#605,.T.);
#146=ORIENTED_EDGE('',*,*,#606,.T.);
#147=ORIENTED_EDGE('',*,*,#598,.F.);
#148=ORIENTED_EDGE('',*,*,#607,.T.);
#149=ORIENTED_EDGE('',*,*,#608,.T.);
#150=ORIENTED_EDGE('',*,*,#609,.F.);
#151=ORIENTED_EDGE('',*,*,#602,.F.);
#152=ORIENTED_EDGE('',*,*,#610,.F.);
#153=ORIENTED_EDGE('',*,*,#611,.F.);
#154=ORIENTED_EDGE('',*,*,#612,.F.);
#155=ORIENTED_EDGE('',*,*,#613,.T.);
#156=ORIENTED_EDGE('',*,*,#614,.T.);
#157=ORIENTED_EDGE('',*,*,#615,.T.);
#158=ORIENTED_EDGE('',*,*,#616,.F.);
#159=ORIENTED_EDGE('',*,*,#617,.F.);
#160=ORIENTED_EDGE('',*,*,#618,.T.);
#161=ORIENTED_EDGE('',*,*,#619,.F.);
#162=ORIENTED_EDGE('',*,*,#620,.F.);
#163=ORIENTED_EDGE('',*,*,#621,.T.);
#164=ORIENTED_EDGE('',*,*,#622,.T.);
#165=ORIENTED_EDGE('',*,*,#623,.T.);
#166=ORIENTED_EDGE('',*,*,#614,.F.);
#167=ORIENTED_EDGE('',*,*,#624,.T.);
#168=ORIENTED_EDGE('',*,*,#625,.T.);
#169=ORIENTED_EDGE('',*,*,#626,.F.);
#170=ORIENTED_EDGE('',*,*,#618,.F.);
#171=ORIENTED_EDGE('',*,*,#627,.F.);
#172=ORIENTED_EDGE('',*,*,#628,.T.);
#173=ORIENTED_EDGE('',*,*,#629,.F.);
#174=ORIENTED_EDGE('',*,*,#628,.F.);
#175=ORIENTED_EDGE('',*,*,#630,.F.);
#176=ORIENTED_EDGE('',*,*,#631,.T.);
#177=ORIENTED_EDGE('',*,*,#632,.T.);
#178=ORIENTED_EDGE('',*,*,#622,.F.);
#179=ORIENTED_EDGE('',*,*,#633,.T.);
#180=ORIENTED_EDGE('',*,*,#634,.T.);
#181=ORIENTED_EDGE('',*,*,#635,.T.);
#182=ORIENTED_EDGE('',*,*,#636,.F.);
#183=ORIENTED_EDGE('',*,*,#637,.F.);
#184=ORIENTED_EDGE('',*,*,#638,.T.);
#185=ORIENTED_EDGE('',*,*,#639,.T.);
#186=ORIENTED_EDGE('',*,*,#640,.F.);
#187=ORIENTED_EDGE('',*,*,#635,.F.);
#188=ORIENTED_EDGE('',*,*,#641,.T.);
#189=ORIENTED_EDGE('',*,*,#642,.T.);
#190=ORIENTED_EDGE('',*,*,#643,.F.);
#191=ORIENTED_EDGE('',*,*,#639,.F.);
#192=ORIENTED_EDGE('',*,*,#644,.T.);
#193=ORIENTED_EDGE('',*,*,#645,.F.);
#194=ORIENTED_EDGE('',*,*,#646,.F.);
#195=ORIENTED_EDGE('',*,*,#647,.T.);
#196=ORIENTED_EDGE('',*,*,#648,.T.);
#197=ORIENTED_EDGE('',*,*,#649,.T.);
#198=ORIENTED_EDGE('',*,*,#650,.F.);
#199=ORIENTED_EDGE('',*,*,#642,.F.);
#200=ORIENTED_EDGE('',*,*,#651,.T.);
#201=ORIENTED_EDGE('',*,*,#652,.T.);
#202=ORIENTED_EDGE('',*,*,#653,.F.);
#203=ORIENTED_EDGE('',*,*,#649,.F.);
#204=ORIENTED_EDGE('',*,*,#654,.T.);
#205=ORIENTED_EDGE('',*,*,#655,.T.);
#206=ORIENTED_EDGE('',*,*,#656,.F.);
#207=ORIENTED_EDGE('',*,*,#652,.F.);
#208=ORIENTED_EDGE('',*,*,#657,.T.);
#209=ORIENTED_EDGE('',*,*,#658,.T.);
#210=ORIENTED_EDGE('',*,*,#659,.F.);
#211=ORIENTED_EDGE('',*,*,#655,.F.);
#212=ORIENTED_EDGE('',*,*,#660,.T.);
#213=ORIENTED_EDGE('',*,*,#661,.F.);
#214=ORIENTED_EDGE('',*,*,#662,.F.);
#215=ORIENTED_EDGE('',*,*,#663,.T.);
#216=ORIENTED_EDGE('',*,*,#664,.T.);
#217=ORIENTED_EDGE('',*,*,#665,.F.);
#218=ORIENTED_EDGE('',*,*,#666,.F.);
#219=ORIENTED_EDGE('',*,*,#667,.T.);
#220=ORIENTED_EDGE('',*,*,#668,.T.);
#221=ORIENTED_EDGE('',*,*,#669,.T.);
#222=ORIENTED_EDGE('',*,*,#670,.F.);
#223=ORIENTED_EDGE('',*,*,#658,.F.);
#224=ORIENTED_EDGE('',*,*,#671,.T.);
#225=ORIENTED_EDGE('',*,*,#672,.T.);
#226=ORIENTED_EDGE('',*,*,#673,.F.);
#227=ORIENTED_EDGE('',*,*,#669,.F.);
#228=ORIENTED_EDGE('',*,*,#674,.T.);
#229=ORIENTED_EDGE('',*,*,#675,.T.);
#230=ORIENTED_EDGE('',*,*,#676,.F.);
#231=ORIENTED_EDGE('',*,*,#672,.F.);
#232=ORIENTED_EDGE('',*,*,#677,.T.);
#233=ORIENTED_EDGE('',*,*,#593,.T.);
#234=ORIENTED_EDGE('',*,*,#678,.F.);
#235=ORIENTED_EDGE('',*,*,#675,.F.);
#236=ORIENTED_EDGE('',*,*,#679,.T.);
#237=ORIENTED_EDGE('',*,*,#680,.T.);
#238=ORIENTED_EDGE('',*,*,#681,.T.);
#239=ORIENTED_EDGE('',*,*,#682,.F.);
#240=ORIENTED_EDGE('',*,*,#683,.F.);
#241=ORIENTED_EDGE('',*,*,#684,.T.);
#242=ORIENTED_EDGE('',*,*,#685,.T.);
#243=ORIENTED_EDGE('',*,*,#686,.F.);
#244=ORIENTED_EDGE('',*,*,#687,.F.);
#245=ORIENTED_EDGE('',*,*,#688,.T.);
#246=ORIENTED_EDGE('',*,*,#689,.T.);
#247=ORIENTED_EDGE('',*,*,#680,.F.);
#248=ORIENTED_EDGE('',*,*,#690,.F.);
#249=ORIENTED_EDGE('',*,*,#691,.T.);
#250=ORIENTED_EDGE('',*,*,#692,.T.);
#251=ORIENTED_EDGE('',*,*,#688,.F.);
#252=ORIENTED_EDGE('',*,*,#693,.F.);
#253=ORIENTED_EDGE('',*,*,#694,.T.);
#254=ORIENTED_EDGE('',*,*,#695,.T.);
#255=ORIENTED_EDGE('',*,*,#691,.F.);
#256=ORIENTED_EDGE('',*,*,#696,.F.);
#257=ORIENTED_EDGE('',*,*,#697,.T.);
#258=ORIENTED_EDGE('',*,*,#698,.T.);
#259=ORIENTED_EDGE('',*,*,#694,.F.);
#260=ORIENTED_EDGE('',*,*,#699,.F.);
#261=ORIENTED_EDGE('',*,*,#616,.T.);
#262=ORIENTED_EDGE('',*,*,#700,.T.);
#263=ORIENTED_EDGE('',*,*,#697,.F.);
#264=ORIENTED_EDGE('',*,*,#701,.F.);
#265=ORIENTED_EDGE('',*,*,#702,.T.);
#266=ORIENTED_EDGE('',*,*,#703,.T.);
#267=ORIENTED_EDGE('',*,*,#631,.F.);
#268=ORIENTED_EDGE('',*,*,#704,.F.);
#269=ORIENTED_EDGE('',*,*,#705,.T.);
#270=ORIENTED_EDGE('',*,*,#706,.T.);
#271=ORIENTED_EDGE('',*,*,#702,.F.);
#272=ORIENTED_EDGE('',*,*,#707,.F.);
#273=ORIENTED_EDGE('',*,*,#708,.T.);
#274=ORIENTED_EDGE('',*,*,#709,.T.);
#275=ORIENTED_EDGE('',*,*,#705,.F.);
#276=ORIENTED_EDGE('',*,*,#710,.F.);
#277=ORIENTED_EDGE('',*,*,#711,.T.);
#278=ORIENTED_EDGE('',*,*,#712,.T.);
#279=ORIENTED_EDGE('',*,*,#713,.F.);
#280=ORIENTED_EDGE('',*,*,#714,.F.);
#281=ORIENTED_EDGE('',*,*,#715,.T.);
#282=ORIENTED_EDGE('',*,*,#716,.T.);
#283=ORIENTED_EDGE('',*,*,#717,.F.);
#284=ORIENTED_EDGE('',*,*,#718,.F.);
#285=ORIENTED_EDGE('',*,*,#719,.T.);
#286=ORIENTED_EDGE('',*,*,#720,.T.);
#287=ORIENTED_EDGE('',*,*,#708,.F.);
#288=ORIENTED_EDGE('',*,*,#721,.F.);
#289=ORIENTED_EDGE('',*,*,#722,.T.);
#290=ORIENTED_EDGE('',*,*,#723,.T.);
#291=ORIENTED_EDGE('',*,*,#719,.F.);
#292=ORIENTED_EDGE('',*,*,#724,.F.);
#293=ORIENTED_EDGE('',*,*,#682,.T.);
#294=ORIENTED_EDGE('',*,*,#725,.T.);
#295=ORIENTED_EDGE('',*,*,#722,.F.);
#296=ORIENTED_EDGE('',*,*,#726,.F.);
#297=ORIENTED_EDGE('',*,*,#637,.T.);
#298=ORIENTED_EDGE('',*,*,#727,.F.);
#299=ORIENTED_EDGE('',*,*,#608,.F.);
#300=ORIENTED_EDGE('',*,*,#728,.T.);
#301=ORIENTED_EDGE('',*,*,#683,.T.);
#302=ORIENTED_EDGE('',*,*,#726,.T.);
#303=ORIENTED_EDGE('',*,*,#724,.T.);
#304=ORIENTED_EDGE('',*,*,#721,.T.);
#305=ORIENTED_EDGE('',*,*,#710,.T.);
#306=ORIENTED_EDGE('',*,*,#707,.T.);
#307=ORIENTED_EDGE('',*,*,#704,.T.);
#308=ORIENTED_EDGE('',*,*,#630,.T.);
#309=ORIENTED_EDGE('',*,*,#627,.T.);
#310=ORIENTED_EDGE('',*,*,#617,.T.);
#311=ORIENTED_EDGE('',*,*,#701,.T.);
#312=ORIENTED_EDGE('',*,*,#699,.T.);
#313=ORIENTED_EDGE('',*,*,#696,.T.);
#314=ORIENTED_EDGE('',*,*,#693,.T.);
#315=ORIENTED_EDGE('',*,*,#690,.T.);
#316=ORIENTED_EDGE('',*,*,#638,.F.);
#317=ORIENTED_EDGE('',*,*,#728,.F.);
#318=ORIENTED_EDGE('',*,*,#607,.F.);
#319=ORIENTED_EDGE('',*,*,#597,.F.);
#320=ORIENTED_EDGE('',*,*,#594,.F.);
#321=ORIENTED_EDGE('',*,*,#679,.F.);
#322=ORIENTED_EDGE('',*,*,#677,.F.);
#323=ORIENTED_EDGE('',*,*,#674,.F.);
#324=ORIENTED_EDGE('',*,*,#671,.F.);
#325=ORIENTED_EDGE('',*,*,#660,.F.);
#326=ORIENTED_EDGE('',*,*,#657,.F.);
#327=ORIENTED_EDGE('',*,*,#654,.F.);
#328=ORIENTED_EDGE('',*,*,#651,.F.);
#329=ORIENTED_EDGE('',*,*,#644,.F.);
#330=ORIENTED_EDGE('',*,*,#641,.F.);
#331=ORIENTED_EDGE('',*,*,#729,.T.);
#332=ORIENTED_EDGE('',*,*,#730,.T.);
#333=ORIENTED_EDGE('',*,*,#731,.T.);
#334=ORIENTED_EDGE('',*,*,#732,.T.);
#335=ORIENTED_EDGE('',*,*,#681,.F.);
#336=ORIENTED_EDGE('',*,*,#689,.F.);
#337=ORIENTED_EDGE('',*,*,#692,.F.);
#338=ORIENTED_EDGE('',*,*,#695,.F.);
#339=ORIENTED_EDGE('',*,*,#698,.F.);
#340=ORIENTED_EDGE('',*,*,#700,.F.);
#341=ORIENTED_EDGE('',*,*,#615,.F.);
#342=ORIENTED_EDGE('',*,*,#623,.F.);
#343=ORIENTED_EDGE('',*,*,#632,.F.);
#344=ORIENTED_EDGE('',*,*,#703,.F.);
#345=ORIENTED_EDGE('',*,*,#706,.F.);
#346=ORIENTED_EDGE('',*,*,#709,.F.);
#347=ORIENTED_EDGE('',*,*,#720,.F.);
#348=ORIENTED_EDGE('',*,*,#723,.F.);
#349=ORIENTED_EDGE('',*,*,#725,.F.);
#350=ORIENTED_EDGE('',*,*,#733,.F.);
#351=ORIENTED_EDGE('',*,*,#734,.F.);
#352=ORIENTED_EDGE('',*,*,#735,.F.);
#353=ORIENTED_EDGE('',*,*,#736,.F.);
#354=ORIENTED_EDGE('',*,*,#636,.T.);
#355=ORIENTED_EDGE('',*,*,#640,.T.);
#356=ORIENTED_EDGE('',*,*,#643,.T.);
#357=ORIENTED_EDGE('',*,*,#650,.T.);
#358=ORIENTED_EDGE('',*,*,#653,.T.);
#359=ORIENTED_EDGE('',*,*,#656,.T.);
#360=ORIENTED_EDGE('',*,*,#659,.T.);
#361=ORIENTED_EDGE('',*,*,#670,.T.);
#362=ORIENTED_EDGE('',*,*,#673,.T.);
#363=ORIENTED_EDGE('',*,*,#676,.T.);
#364=ORIENTED_EDGE('',*,*,#678,.T.);
#365=ORIENTED_EDGE('',*,*,#592,.T.);
#366=ORIENTED_EDGE('',*,*,#603,.T.);
#367=ORIENTED_EDGE('',*,*,#609,.T.);
#368=ORIENTED_EDGE('',*,*,#727,.T.);
#369=ORIENTED_EDGE('',*,*,#737,.T.);
#370=ORIENTED_EDGE('',*,*,#620,.T.);
#371=ORIENTED_EDGE('',*,*,#738,.F.);
#372=ORIENTED_EDGE('',*,*,#595,.F.);
#373=ORIENTED_EDGE('',*,*,#589,.T.);
#374=ORIENTED_EDGE('',*,*,#739,.T.);
#375=ORIENTED_EDGE('',*,*,#634,.F.);
#376=ORIENTED_EDGE('',*,*,#740,.F.);
#377=ORIENTED_EDGE('',*,*,#596,.F.);
#378=ORIENTED_EDGE('',*,*,#738,.T.);
#379=ORIENTED_EDGE('',*,*,#619,.T.);
#380=ORIENTED_EDGE('',*,*,#629,.T.);
#381=ORIENTED_EDGE('',*,*,#739,.F.);
#382=ORIENTED_EDGE('',*,*,#588,.F.);
#383=ORIENTED_EDGE('',*,*,#590,.T.);
#384=ORIENTED_EDGE('',*,*,#740,.T.);
#385=ORIENTED_EDGE('',*,*,#633,.F.);
#386=ORIENTED_EDGE('',*,*,#621,.F.);
#387=ORIENTED_EDGE('',*,*,#737,.F.);
#388=ORIENTED_EDGE('',*,*,#604,.T.);
#389=ORIENTED_EDGE('',*,*,#741,.T.);
#390=ORIENTED_EDGE('',*,*,#612,.T.);
#391=ORIENTED_EDGE('',*,*,#742,.F.);
#392=ORIENTED_EDGE('',*,*,#605,.F.);
#393=ORIENTED_EDGE('',*,*,#600,.T.);
#394=ORIENTED_EDGE('',*,*,#743,.T.);
#395=ORIENTED_EDGE('',*,*,#625,.F.);
#396=ORIENTED_EDGE('',*,*,#744,.F.);
#397=ORIENTED_EDGE('',*,*,#606,.F.);
#398=ORIENTED_EDGE('',*,*,#742,.T.);
#399=ORIENTED_EDGE('',*,*,#611,.T.);
#400=ORIENTED_EDGE('',*,*,#626,.T.);
#401=ORIENTED_EDGE('',*,*,#743,.F.);
#402=ORIENTED_EDGE('',*,*,#599,.F.);
#403=ORIENTED_EDGE('',*,*,#601,.T.);
#404=ORIENTED_EDGE('',*,*,#744,.T.);
#405=ORIENTED_EDGE('',*,*,#624,.F.);
#406=ORIENTED_EDGE('',*,*,#613,.F.);
#407=ORIENTED_EDGE('',*,*,#741,.F.);
#408=ORIENTED_EDGE('',*,*,#610,.T.);
#409=ORIENTED_EDGE('',*,*,#665,.T.);
#410=ORIENTED_EDGE('',*,*,#745,.T.);
#411=ORIENTED_EDGE('',*,*,#716,.F.);
#412=ORIENTED_EDGE('',*,*,#746,.F.);
#413=ORIENTED_EDGE('',*,*,#747,.T.);
#414=ORIENTED_EDGE('',*,*,#717,.T.);
#415=ORIENTED_EDGE('',*,*,#745,.F.);
#416=ORIENTED_EDGE('',*,*,#668,.F.);
#417=ORIENTED_EDGE('',*,*,#748,.T.);
#418=ORIENTED_EDGE('',*,*,#718,.T.);
#419=ORIENTED_EDGE('',*,*,#747,.F.);
#420=ORIENTED_EDGE('',*,*,#667,.F.);
#421=ORIENTED_EDGE('',*,*,#666,.T.);
#422=ORIENTED_EDGE('',*,*,#746,.T.);
#423=ORIENTED_EDGE('',*,*,#715,.F.);
#424=ORIENTED_EDGE('',*,*,#748,.F.);
#425=ORIENTED_EDGE('',*,*,#661,.T.);
#426=ORIENTED_EDGE('',*,*,#749,.T.);
#427=ORIENTED_EDGE('',*,*,#712,.F.);
#428=ORIENTED_EDGE('',*,*,#750,.F.);
#429=ORIENTED_EDGE('',*,*,#751,.T.);
#430=ORIENTED_EDGE('',*,*,#713,.T.);
#431=ORIENTED_EDGE('',*,*,#749,.F.);
#432=ORIENTED_EDGE('',*,*,#664,.F.);
#433=ORIENTED_EDGE('',*,*,#752,.T.);
#434=ORIENTED_EDGE('',*,*,#714,.T.);
#435=ORIENTED_EDGE('',*,*,#751,.F.);
#436=ORIENTED_EDGE('',*,*,#663,.F.);
#437=ORIENTED_EDGE('',*,*,#662,.T.);
#438=ORIENTED_EDGE('',*,*,#750,.T.);
#439=ORIENTED_EDGE('',*,*,#711,.F.);
#440=ORIENTED_EDGE('',*,*,#752,.F.);
#441=ORIENTED_EDGE('',*,*,#645,.T.);
#442=ORIENTED_EDGE('',*,*,#753,.T.);
#443=ORIENTED_EDGE('',*,*,#685,.F.);
#444=ORIENTED_EDGE('',*,*,#754,.F.);
#445=ORIENTED_EDGE('',*,*,#755,.T.);
#446=ORIENTED_EDGE('',*,*,#686,.T.);
#447=ORIENTED_EDGE('',*,*,#753,.F.);
#448=ORIENTED_EDGE('',*,*,#648,.F.);
#449=ORIENTED_EDGE('',*,*,#756,.T.);
#450=ORIENTED_EDGE('',*,*,#687,.T.);
#451=ORIENTED_EDGE('',*,*,#755,.F.);
#452=ORIENTED_EDGE('',*,*,#647,.F.);
#453=ORIENTED_EDGE('',*,*,#646,.T.);
#454=ORIENTED_EDGE('',*,*,#754,.T.);
#455=ORIENTED_EDGE('',*,*,#684,.F.);
#456=ORIENTED_EDGE('',*,*,#756,.F.);
#457=ORIENTED_EDGE('',*,*,#757,.T.);
#458=ORIENTED_EDGE('',*,*,#733,.T.);
#459=ORIENTED_EDGE('',*,*,#758,.F.);
#460=ORIENTED_EDGE('',*,*,#730,.F.);
#461=ORIENTED_EDGE('',*,*,#759,.T.);
#462=ORIENTED_EDGE('',*,*,#734,.T.);
#463=ORIENTED_EDGE('',*,*,#757,.F.);
#464=ORIENTED_EDGE('',*,*,#729,.F.);
#465=ORIENTED_EDGE('',*,*,#760,.T.);
#466=ORIENTED_EDGE('',*,*,#735,.T.);
#467=ORIENTED_EDGE('',*,*,#759,.F.);
#468=ORIENTED_EDGE('',*,*,#732,.F.);
#469=ORIENTED_EDGE('',*,*,#758,.T.);
#470=ORIENTED_EDGE('',*,*,#736,.T.);
#471=ORIENTED_EDGE('',*,*,#760,.F.);
#472=ORIENTED_EDGE('',*,*,#731,.F.);
#473=ORIENTED_EDGE('',*,*,#761,.F.);
#474=ORIENTED_EDGE('',*,*,#762,.F.);
#475=ORIENTED_EDGE('',*,*,#763,.T.);
#476=ORIENTED_EDGE('',*,*,#764,.T.);
#477=ORIENTED_EDGE('',*,*,#765,.F.);
#478=ORIENTED_EDGE('',*,*,#766,.F.);
#479=ORIENTED_EDGE('',*,*,#767,.T.);
#480=ORIENTED_EDGE('',*,*,#762,.T.);
#481=ORIENTED_EDGE('',*,*,#768,.F.);
#482=ORIENTED_EDGE('',*,*,#769,.F.);
#483=ORIENTED_EDGE('',*,*,#770,.T.);
#484=ORIENTED_EDGE('',*,*,#766,.T.);
#485=ORIENTED_EDGE('',*,*,#771,.F.);
#486=ORIENTED_EDGE('',*,*,#772,.F.);
#487=ORIENTED_EDGE('',*,*,#773,.T.);
#488=ORIENTED_EDGE('',*,*,#769,.T.);
#489=ORIENTED_EDGE('',*,*,#774,.F.);
#490=ORIENTED_EDGE('',*,*,#775,.F.);
#491=ORIENTED_EDGE('',*,*,#776,.T.);
#492=ORIENTED_EDGE('',*,*,#772,.T.);
#493=ORIENTED_EDGE('',*,*,#777,.F.);
#494=ORIENTED_EDGE('',*,*,#778,.F.);
#495=ORIENTED_EDGE('',*,*,#779,.T.);
#496=ORIENTED_EDGE('',*,*,#775,.T.);
#497=ORIENTED_EDGE('',*,*,#780,.F.);
#498=ORIENTED_EDGE('',*,*,#781,.F.);
#499=ORIENTED_EDGE('',*,*,#782,.T.);
#500=ORIENTED_EDGE('',*,*,#778,.T.);
#501=ORIENTED_EDGE('',*,*,#783,.F.);
#502=ORIENTED_EDGE('',*,*,#784,.F.);
#503=ORIENTED_EDGE('',*,*,#785,.T.);
#504=ORIENTED_EDGE('',*,*,#781,.T.);
#505=ORIENTED_EDGE('',*,*,#786,.F.);
#506=ORIENTED_EDGE('',*,*,#787,.F.);
#507=ORIENTED_EDGE('',*,*,#788,.T.);
#508=ORIENTED_EDGE('',*,*,#784,.T.);
#509=ORIENTED_EDGE('',*,*,#789,.F.);
#510=ORIENTED_EDGE('',*,*,#790,.F.);
#511=ORIENTED_EDGE('',*,*,#791,.T.);
#512=ORIENTED_EDGE('',*,*,#787,.T.);
#513=ORIENTED_EDGE('',*,*,#792,.F.);
#514=ORIENTED_EDGE('',*,*,#793,.F.);
#515=ORIENTED_EDGE('',*,*,#794,.T.);
#516=ORIENTED_EDGE('',*,*,#790,.T.);
#517=ORIENTED_EDGE('',*,*,#795,.F.);
#518=ORIENTED_EDGE('',*,*,#796,.F.);
#519=ORIENTED_EDGE('',*,*,#797,.T.);
#520=ORIENTED_EDGE('',*,*,#793,.T.);
#521=ORIENTED_EDGE('',*,*,#798,.F.);
#522=ORIENTED_EDGE('',*,*,#799,.F.);
#523=ORIENTED_EDGE('',*,*,#800,.T.);
#524=ORIENTED_EDGE('',*,*,#796,.T.);
#525=ORIENTED_EDGE('',*,*,#801,.F.);
#526=ORIENTED_EDGE('',*,*,#802,.F.);
#527=ORIENTED_EDGE('',*,*,#803,.T.);
#528=ORIENTED_EDGE('',*,*,#799,.T.);
#529=ORIENTED_EDGE('',*,*,#804,.F.);
#530=ORIENTED_EDGE('',*,*,#764,.F.);
#531=ORIENTED_EDGE('',*,*,#805,.T.);
#532=ORIENTED_EDGE('',*,*,#802,.T.);
#533=ORIENTED_EDGE('',*,*,#806,.T.);
#534=ORIENTED_EDGE('',*,*,#807,.T.);
#535=ORIENTED_EDGE('',*,*,#808,.T.);
#536=ORIENTED_EDGE('',*,*,#809,.T.);
#537=ORIENTED_EDGE('',*,*,#763,.F.);
#538=ORIENTED_EDGE('',*,*,#767,.F.);
#539=ORIENTED_EDGE('',*,*,#770,.F.);
#540=ORIENTED_EDGE('',*,*,#773,.F.);
#541=ORIENTED_EDGE('',*,*,#776,.F.);
#542=ORIENTED_EDGE('',*,*,#779,.F.);
#543=ORIENTED_EDGE('',*,*,#782,.F.);
#544=ORIENTED_EDGE('',*,*,#785,.F.);
#545=ORIENTED_EDGE('',*,*,#788,.F.);
#546=ORIENTED_EDGE('',*,*,#791,.F.);
#547=ORIENTED_EDGE('',*,*,#794,.F.);
#548=ORIENTED_EDGE('',*,*,#797,.F.);
#549=ORIENTED_EDGE('',*,*,#800,.F.);
#550=ORIENTED_EDGE('',*,*,#803,.F.);
#551=ORIENTED_EDGE('',*,*,#805,.F.);
#552=ORIENTED_EDGE('',*,*,#810,.F.);
#553=ORIENTED_EDGE('',*,*,#811,.F.);
#554=ORIENTED_EDGE('',*,*,#812,.F.);
#555=ORIENTED_EDGE('',*,*,#813,.F.);
#556=ORIENTED_EDGE('',*,*,#761,.T.);
#557=ORIENTED_EDGE('',*,*,#804,.T.);
#558=ORIENTED_EDGE('',*,*,#801,.T.);
#559=ORIENTED_EDGE('',*,*,#798,.T.);
#560=ORIENTED_EDGE('',*,*,#795,.T.);
#561=ORIENTED_EDGE('',*,*,#792,.T.);
#562=ORIENTED_EDGE('',*,*,#789,.T.);
#563=ORIENTED_EDGE('',*,*,#786,.T.);
#564=ORIENTED_EDGE('',*,*,#783,.T.);
#565=ORIENTED_EDGE('',*,*,#780,.T.);
#566=ORIENTED_EDGE('',*,*,#777,.T.);
#567=ORIENTED_EDGE('',*,*,#774,.T.);
#568=ORIENTED_EDGE('',*,*,#771,.T.);
#569=ORIENTED_EDGE('',*,*,#768,.T.);
#570=ORIENTED_EDGE('',*,*,#765,.T.);
#571=ORIENTED_EDGE('',*,*,#814,.T.);
#572=ORIENTED_EDGE('',*,*,#810,.T.);
#573=ORIENTED_EDGE('',*,*,#815,.F.);
#574=ORIENTED_EDGE('',*,*,#807,.F.);
#575=ORIENTED_EDGE('',*,*,#816,.T.);
#576=ORIENTED_EDGE('',*,*,#811,.T.);
#577=ORIENTED_EDGE('',*,*,#814,.F.);
#578=ORIENTED_EDGE('',*,*,#806,.F.);
#579=ORIENTED_EDGE('',*,*,#817,.T.);
#580=ORIENTED_EDGE('',*,*,#812,.T.);
#581=ORIENTED_EDGE('',*,*,#816,.F.);
#582=ORIENTED_EDGE('',*,*,#809,.F.);
#583=ORIENTED_EDGE('',*,*,#815,.T.);
#584=ORIENTED_EDGE('',*,*,#813,.T.);
#585=ORIENTED_EDGE('',*,*,#817,.F.);
#586=ORIENTED_EDGE('',*,*,#808,.F.);
#587=EDGE_CURVE('',#818,#819,#972,.T.);
#588=EDGE_CURVE('',#819,#820,#67,.F.);
#589=EDGE_CURVE('',#821,#820,#973,.F.);
#590=EDGE_CURVE('',#822,#821,#68,.F.);
#591=EDGE_CURVE('',#822,#823,#974,.T.);
#592=EDGE_CURVE('',#824,#823,#69,.T.);
#593=EDGE_CURVE('',#825,#824,#975,.T.);
#594=EDGE_CURVE('',#825,#818,#70,.T.);
#595=EDGE_CURVE('',#826,#827,#976,.T.);
#596=EDGE_CURVE('',#827,#819,#977,.T.);
#597=EDGE_CURVE('',#818,#828,#978,.T.);
#598=EDGE_CURVE('',#828,#829,#979,.T.);
#599=EDGE_CURVE('',#829,#830,#980,.T.);
#600=EDGE_CURVE('',#831,#830,#981,.T.);
#601=EDGE_CURVE('',#832,#831,#982,.T.);
#602=EDGE_CURVE('',#832,#833,#983,.T.);
#603=EDGE_CURVE('',#823,#833,#984,.T.);
#604=EDGE_CURVE('',#826,#822,#985,.T.);
#605=EDGE_CURVE('',#834,#835,#986,.F.);
#606=EDGE_CURVE('',#835,#829,#71,.F.);
#607=EDGE_CURVE('',#828,#836,#72,.T.);
#608=EDGE_CURVE('',#836,#837,#987,.T.);
#609=EDGE_CURVE('',#833,#837,#73,.T.);
#610=EDGE_CURVE('',#834,#832,#74,.F.);
#611=EDGE_CURVE('',#838,#839,#75,.F.);
#612=EDGE_CURVE('',#840,#838,#988,.F.);
#613=EDGE_CURVE('',#840,#841,#76,.F.);
#614=EDGE_CURVE('',#841,#842,#989,.T.);
#615=EDGE_CURVE('',#842,#843,#77,.T.);
#616=EDGE_CURVE('',#844,#843,#990,.T.);
#617=EDGE_CURVE('',#845,#844,#78,.T.);
#618=EDGE_CURVE('',#845,#839,#991,.T.);
#619=EDGE_CURVE('',#846,#847,#992,.T.);
#620=EDGE_CURVE('',#848,#846,#993,.T.);
#621=EDGE_CURVE('',#848,#849,#994,.T.);
#622=EDGE_CURVE('',#849,#850,#995,.T.);
#623=EDGE_CURVE('',#850,#842,#996,.T.);
#624=EDGE_CURVE('',#841,#851,#997,.T.);
#625=EDGE_CURVE('',#851,#852,#998,.T.);
#626=EDGE_CURVE('',#839,#852,#999,.T.);
#627=EDGE_CURVE('',#853,#845,#1000,.T.);
#628=EDGE_CURVE('',#853,#847,#1001,.T.);
#629=EDGE_CURVE('',#847,#854,#79,.F.);
#630=EDGE_CURVE('',#855,#853,#80,.T.);
#631=EDGE_CURVE('',#855,#856,#1002,.T.);
#632=EDGE_CURVE('',#856,#850,#81,.T.);
#633=EDGE_CURVE('',#849,#857,#82,.F.);
#634=EDGE_CURVE('',#857,#854,#1003,.F.);
#635=EDGE_CURVE('',#858,#859,#1004,.T.);
#636=EDGE_CURVE('',#860,#859,#83,.T.);
#637=EDGE_CURVE('',#861,#860,#1005,.T.);
#638=EDGE_CURVE('',#861,#858,#84,.T.);
#639=EDGE_CURVE('',#862,#863,#1006,.T.);
#640=EDGE_CURVE('',#859,#863,#1007,.T.);
#641=EDGE_CURVE('',#858,#862,#1008,.T.);
#642=EDGE_CURVE('',#864,#865,#1009,.T.);
#643=EDGE_CURVE('',#863,#865,#85,.T.);
#644=EDGE_CURVE('',#862,#864,#86,.T.);
#645=EDGE_CURVE('',#866,#867,#1010,.T.);
#646=EDGE_CURVE('',#868,#866,#1011,.T.);
#647=EDGE_CURVE('',#868,#869,#1012,.T.);
#648=EDGE_CURVE('',#869,#867,#1013,.T.);
#649=EDGE_CURVE('',#870,#871,#1014,.T.);
#650=EDGE_CURVE('',#865,#871,#1015,.T.);
#651=EDGE_CURVE('',#864,#870,#1016,.T.);
#652=EDGE_CURVE('',#872,#873,#1017,.T.);
#653=EDGE_CURVE('',#871,#873,#87,.T.);
#654=EDGE_CURVE('',#870,#872,#88,.T.);
#655=EDGE_CURVE('',#874,#875,#1018,.T.);
#656=EDGE_CURVE('',#873,#875,#1019,.T.);
#657=EDGE_CURVE('',#872,#874,#1020,.T.);
#658=EDGE_CURVE('',#876,#877,#1021,.T.);
#659=EDGE_CURVE('',#875,#877,#89,.T.);
#660=EDGE_CURVE('',#874,#876,#90,.T.);
#661=EDGE_CURVE('',#878,#879,#1022,.T.);
#662=EDGE_CURVE('',#880,#878,#1023,.T.);
#663=EDGE_CURVE('',#880,#881,#1024,.T.);
#664=EDGE_CURVE('',#881,#879,#1025,.T.);
#665=EDGE_CURVE('',#882,#883,#1026,.T.);
#666=EDGE_CURVE('',#884,#882,#1027,.T.);
#667=EDGE_CURVE('',#884,#885,#1028,.T.);
#668=EDGE_CURVE('',#885,#883,#1029,.T.);
#669=EDGE_CURVE('',#886,#887,#1030,.T.);
#670=EDGE_CURVE('',#877,#887,#1031,.T.);
#671=EDGE_CURVE('',#876,#886,#1032,.T.);
#672=EDGE_CURVE('',#888,#889,#1033,.T.);
#673=EDGE_CURVE('',#887,#889,#91,.T.);
#674=EDGE_CURVE('',#886,#888,#92,.T.);
#675=EDGE_CURVE('',#890,#891,#1034,.T.);
#676=EDGE_CURVE('',#889,#891,#1035,.T.);
#677=EDGE_CURVE('',#888,#890,#1036,.T.);
#678=EDGE_CURVE('',#891,#824,#1037,.T.);
#679=EDGE_CURVE('',#890,#825,#1038,.T.);
#680=EDGE_CURVE('',#892,#893,#1039,.T.);
#681=EDGE_CURVE('',#893,#894,#93,.T.);
#682=EDGE_CURVE('',#895,#894,#1040,.T.);
#683=EDGE_CURVE('',#892,#895,#94,.T.);
#684=EDGE_CURVE('',#896,#897,#1041,.T.);
#685=EDGE_CURVE('',#897,#898,#1042,.T.);
#686=EDGE_CURVE('',#899,#898,#1043,.T.);
#687=EDGE_CURVE('',#896,#899,#1044,.T.);
#688=EDGE_CURVE('',#900,#901,#1045,.T.);
#689=EDGE_CURVE('',#901,#893,#1046,.T.);
#690=EDGE_CURVE('',#900,#892,#1047,.T.);
#691=EDGE_CURVE('',#902,#903,#1048,.T.);
#692=EDGE_CURVE('',#903,#901,#95,.T.);
#693=EDGE_CURVE('',#902,#900,#96,.T.);
#694=EDGE_CURVE('',#904,#905,#1049,.T.);
#695=EDGE_CURVE('',#905,#903,#1050,.T.);
#696=EDGE_CURVE('',#904,#902,#1051,.T.);
#697=EDGE_CURVE('',#906,#907,#1052,.T.);
#698=EDGE_CURVE('',#907,#905,#97,.T.);
#699=EDGE_CURVE('',#906,#904,#98,.T.);
#700=EDGE_CURVE('',#843,#907,#1053,.T.);
#701=EDGE_CURVE('',#844,#906,#1054,.T.);
#702=EDGE_CURVE('',#908,#909,#1055,.T.);
#703=EDGE_CURVE('',#909,#856,#1056,.T.);
#704=EDGE_CURVE('',#908,#855,#1057,.T.);
#705=EDGE_CURVE('',#910,#911,#1058,.T.);
#706=EDGE_CURVE('',#911,#909,#1059,.T.);
#707=EDGE_CURVE('',#910,#908,#1060,.T.);
#708=EDGE_CURVE('',#912,#913,#1061,.T.);
#709=EDGE_CURVE('',#913,#911,#99,.T.);
#710=EDGE_CURVE('',#912,#910,#100,.T.);
#711=EDGE_CURVE('',#914,#915,#1062,.T.);
#712=EDGE_CURVE('',#915,#916,#1063,.T.);
#713=EDGE_CURVE('',#917,#916,#1064,.T.);
#714=EDGE_CURVE('',#914,#917,#1065,.T.);
#715=EDGE_CURVE('',#918,#919,#1066,.T.);
#716=EDGE_CURVE('',#919,#920,#1067,.T.);
#717=EDGE_CURVE('',#921,#920,#1068,.T.);
#718=EDGE_CURVE('',#918,#921,#1069,.T.);
#719=EDGE_CURVE('',#922,#923,#1070,.T.);
#720=EDGE_CURVE('',#923,#913,#1071,.T.);
#721=EDGE_CURVE('',#922,#912,#1072,.T.);
#722=EDGE_CURVE('',#924,#925,#1073,.T.);
#723=EDGE_CURVE('',#925,#923,#101,.T.);
#724=EDGE_CURVE('',#924,#922,#102,.T.);
#725=EDGE_CURVE('',#894,#925,#1074,.T.);
#726=EDGE_CURVE('',#895,#924,#1075,.T.);
#727=EDGE_CURVE('',#837,#860,#1076,.T.);
#728=EDGE_CURVE('',#836,#861,#1077,.T.);
#729=EDGE_CURVE('',#926,#927,#103,.F.);
#730=EDGE_CURVE('',#927,#928,#1078,.T.);
#731=EDGE_CURVE('',#928,#929,#104,.F.);
#732=EDGE_CURVE('',#929,#926,#1079,.T.);
#733=EDGE_CURVE('',#930,#931,#1080,.T.);
#734=EDGE_CURVE('',#932,#930,#105,.F.);
#735=EDGE_CURVE('',#933,#932,#1081,.T.);
#736=EDGE_CURVE('',#931,#933,#106,.F.);
#737=EDGE_CURVE('',#826,#848,#1082,.T.);
#738=EDGE_CURVE('',#827,#846,#1083,.T.);
#739=EDGE_CURVE('',#820,#854,#1084,.T.);
#740=EDGE_CURVE('',#821,#857,#1085,.T.);
#741=EDGE_CURVE('',#834,#840,#1086,.T.);
#742=EDGE_CURVE('',#835,#838,#1087,.T.);
#743=EDGE_CURVE('',#830,#852,#1088,.T.);
#744=EDGE_CURVE('',#831,#851,#1089,.T.);
#745=EDGE_CURVE('',#883,#920,#1090,.T.);
#746=EDGE_CURVE('',#882,#919,#1091,.T.);
#747=EDGE_CURVE('',#885,#921,#1092,.T.);
#748=EDGE_CURVE('',#884,#918,#1093,.T.);
#749=EDGE_CURVE('',#879,#916,#1094,.T.);
#750=EDGE_CURVE('',#878,#915,#1095,.T.);
#751=EDGE_CURVE('',#881,#917,#1096,.T.);
#752=EDGE_CURVE('',#880,#914,#1097,.T.);
#753=EDGE_CURVE('',#867,#898,#1098,.T.);
#754=EDGE_CURVE('',#866,#897,#1099,.T.);
#755=EDGE_CURVE('',#869,#899,#1100,.T.);
#756=EDGE_CURVE('',#868,#896,#1101,.T.);
#757=EDGE_CURVE('',#927,#930,#1102,.T.);
#758=EDGE_CURVE('',#928,#931,#1103,.T.);
#759=EDGE_CURVE('',#926,#932,#1104,.T.);
#760=EDGE_CURVE('',#929,#933,#1105,.T.);
#761=EDGE_CURVE('',#934,#935,#107,.T.);
#762=EDGE_CURVE('',#936,#934,#1106,.T.);
#763=EDGE_CURVE('',#936,#937,#108,.T.);
#764=EDGE_CURVE('',#937,#935,#1107,.T.);
#765=EDGE_CURVE('',#938,#934,#1108,.T.);
#766=EDGE_CURVE('',#939,#938,#1109,.T.);
#767=EDGE_CURVE('',#939,#936,#1110,.T.);
#768=EDGE_CURVE('',#940,#938,#109,.T.);
#769=EDGE_CURVE('',#941,#940,#1111,.T.);
#770=EDGE_CURVE('',#941,#939,#110,.T.);
#771=EDGE_CURVE('',#942,#940,#1112,.T.);
#772=EDGE_CURVE('',#943,#942,#1113,.T.);
#773=EDGE_CURVE('',#943,#941,#1114,.T.);
#774=EDGE_CURVE('',#944,#942,#111,.T.);
#775=EDGE_CURVE('',#945,#944,#1115,.T.);
#776=EDGE_CURVE('',#945,#943,#112,.T.);
#777=EDGE_CURVE('',#946,#944,#1116,.T.);
#778=EDGE_CURVE('',#947,#946,#1117,.T.);
#779=EDGE_CURVE('',#947,#945,#1118,.T.);
#780=EDGE_CURVE('',#948,#946,#1119,.T.);
#781=EDGE_CURVE('',#949,#948,#1120,.T.);
#782=EDGE_CURVE('',#949,#947,#1121,.T.);
#783=EDGE_CURVE('',#950,#948,#113,.T.);
#784=EDGE_CURVE('',#951,#950,#1122,.T.);
#785=EDGE_CURVE('',#951,#949,#114,.T.);
#786=EDGE_CURVE('',#952,#950,#1123,.T.);
#787=EDGE_CURVE('',#953,#952,#1124,.T.);
#788=EDGE_CURVE('',#953,#951,#1125,.T.);
#789=EDGE_CURVE('',#954,#952,#115,.T.);
#790=EDGE_CURVE('',#955,#954,#1126,.T.);
#791=EDGE_CURVE('',#955,#953,#116,.T.);
#792=EDGE_CURVE('',#956,#954,#1127,.T.);
#793=EDGE_CURVE('',#957,#956,#1128,.T.);
#794=EDGE_CURVE('',#957,#955,#1129,.T.);
#795=EDGE_CURVE('',#958,#956,#117,.T.);
#796=EDGE_CURVE('',#959,#958,#1130,.T.);
#797=EDGE_CURVE('',#959,#957,#118,.T.);
#798=EDGE_CURVE('',#960,#958,#1131,.T.);
#799=EDGE_CURVE('',#961,#960,#1132,.T.);
#800=EDGE_CURVE('',#961,#959,#1133,.T.);
#801=EDGE_CURVE('',#962,#960,#119,.T.);
#802=EDGE_CURVE('',#963,#962,#1134,.T.);
#803=EDGE_CURVE('',#963,#961,#120,.T.);
#804=EDGE_CURVE('',#935,#962,#1135,.T.);
#805=EDGE_CURVE('',#937,#963,#1136,.T.);
#806=EDGE_CURVE('',#964,#965,#121,.F.);
#807=EDGE_CURVE('',#965,#966,#1137,.T.);
#808=EDGE_CURVE('',#966,#967,#122,.F.);
#809=EDGE_CURVE('',#967,#964,#1138,.T.);
#810=EDGE_CURVE('',#968,#969,#1139,.T.);
#811=EDGE_CURVE('',#970,#968,#123,.F.);
#812=EDGE_CURVE('',#971,#970,#1140,.T.);
#813=EDGE_CURVE('',#969,#971,#124,.F.);
#814=EDGE_CURVE('',#965,#968,#1141,.T.);
#815=EDGE_CURVE('',#966,#969,#1142,.T.);
#816=EDGE_CURVE('',#964,#970,#1143,.T.);
#817=EDGE_CURVE('',#967,#971,#1144,.T.);
#818=VERTEX_POINT('',#2213);
#819=VERTEX_POINT('',#2214);
#820=VERTEX_POINT('',#2216);
#821=VERTEX_POINT('',#2218);
#822=VERTEX_POINT('',#2220);
#823=VERTEX_POINT('',#2222);
#824=VERTEX_POINT('',#2224);
#825=VERTEX_POINT('',#2226);
#826=VERTEX_POINT('',#2230);
#827=VERTEX_POINT('',#2231);
#828=VERTEX_POINT('',#2234);
#829=VERTEX_POINT('',#2236);
#830=VERTEX_POINT('',#2238);
#831=VERTEX_POINT('',#2240);
#832=VERTEX_POINT('',#2242);
#833=VERTEX_POINT('',#2244);
#834=VERTEX_POINT('',#2249);
#835=VERTEX_POINT('',#2250);
#836=VERTEX_POINT('',#2253);
#837=VERTEX_POINT('',#2255);
#838=VERTEX_POINT('',#2260);
#839=VERTEX_POINT('',#2261);
#840=VERTEX_POINT('',#2263);
#841=VERTEX_POINT('',#2265);
#842=VERTEX_POINT('',#2267);
#843=VERTEX_POINT('',#2269);
#844=VERTEX_POINT('',#2271);
#845=VERTEX_POINT('',#2273);
#846=VERTEX_POINT('',#2277);
#847=VERTEX_POINT('',#2278);
#848=VERTEX_POINT('',#2280);
#849=VERTEX_POINT('',#2282);
#850=VERTEX_POINT('',#2284);
#851=VERTEX_POINT('',#2287);
#852=VERTEX_POINT('',#2289);
#853=VERTEX_POINT('',#2292);
#854=VERTEX_POINT('',#2296);
#855=VERTEX_POINT('',#2298);
#856=VERTEX_POINT('',#2300);
#857=VERTEX_POINT('',#2303);
#858=VERTEX_POINT('',#2307);
#859=VERTEX_POINT('',#2308);
#860=VERTEX_POINT('',#2310);
#861=VERTEX_POINT('',#2312);
#862=VERTEX_POINT('',#2316);
#863=VERTEX_POINT('',#2317);
#864=VERTEX_POINT('',#2322);
#865=VERTEX_POINT('',#2323);
#866=VERTEX_POINT('',#2328);
#867=VERTEX_POINT('',#2329);
#868=VERTEX_POINT('',#2331);
#869=VERTEX_POINT('',#2333);
#870=VERTEX_POINT('',#2336);
#871=VERTEX_POINT('',#2337);
#872=VERTEX_POINT('',#2342);
#873=VERTEX_POINT('',#2343);
#874=VERTEX_POINT('',#2348);
#875=VERTEX_POINT('',#2349);
#876=VERTEX_POINT('',#2354);
#877=VERTEX_POINT('',#2355);
#878=VERTEX_POINT('',#2360);
#879=VERTEX_POINT('',#2361);
#880=VERTEX_POINT('',#2363);
#881=VERTEX_POINT('',#2365);
#882=VERTEX_POINT('',#2368);
#883=VERTEX_POINT('',#2369);
#884=VERTEX_POINT('',#2371);
#885=VERTEX_POINT('',#2373);
#886=VERTEX_POINT('',#2376);
#887=VERTEX_POINT('',#2377);
#888=VERTEX_POINT('',#2382);
#889=VERTEX_POINT('',#2383);
#890=VERTEX_POINT('',#2388);
#891=VERTEX_POINT('',#2389);
#892=VERTEX_POINT('',#2397);
#893=VERTEX_POINT('',#2398);
#894=VERTEX_POINT('',#2400);
#895=VERTEX_POINT('',#2402);
#896=VERTEX_POINT('',#2406);
#897=VERTEX_POINT('',#2407);
#898=VERTEX_POINT('',#2409);
#899=VERTEX_POINT('',#2411);
#900=VERTEX_POINT('',#2414);
#901=VERTEX_POINT('',#2415);
#902=VERTEX_POINT('',#2420);
#903=VERTEX_POINT('',#2421);
#904=VERTEX_POINT('',#2426);
#905=VERTEX_POINT('',#2427);
#906=VERTEX_POINT('',#2432);
#907=VERTEX_POINT('',#2433);
#908=VERTEX_POINT('',#2441);
#909=VERTEX_POINT('',#2442);
#910=VERTEX_POINT('',#2447);
#911=VERTEX_POINT('',#2448);
#912=VERTEX_POINT('',#2453);
#913=VERTEX_POINT('',#2454);
#914=VERTEX_POINT('',#2459);
#915=VERTEX_POINT('',#2460);
#916=VERTEX_POINT('',#2462);
#917=VERTEX_POINT('',#2464);
#918=VERTEX_POINT('',#2467);
#919=VERTEX_POINT('',#2468);
#920=VERTEX_POINT('',#2470);
#921=VERTEX_POINT('',#2472);
#922=VERTEX_POINT('',#2475);
#923=VERTEX_POINT('',#2476);
#924=VERTEX_POINT('',#2481);
#925=VERTEX_POINT('',#2482);
#926=VERTEX_POINT('',#2494);
#927=VERTEX_POINT('',#2495);
#928=VERTEX_POINT('',#2497);
#929=VERTEX_POINT('',#2499);
#930=VERTEX_POINT('',#2503);
#931=VERTEX_POINT('',#2504);
#932=VERTEX_POINT('',#2506);
#933=VERTEX_POINT('',#2508);
#934=VERTEX_POINT('',#2561);
#935=VERTEX_POINT('',#2562);
#936=VERTEX_POINT('',#2564);
#937=VERTEX_POINT('',#2566);
#938=VERTEX_POINT('',#2570);
#939=VERTEX_POINT('',#2572);
#940=VERTEX_POINT('',#2576);
#941=VERTEX_POINT('',#2578);
#942=VERTEX_POINT('',#2582);
#943=VERTEX_POINT('',#2584);
#944=VERTEX_POINT('',#2588);
#945=VERTEX_POINT('',#2590);
#946=VERTEX_POINT('',#2594);
#947=VERTEX_POINT('',#2596);
#948=VERTEX_POINT('',#2600);
#949=VERTEX_POINT('',#2602);
#950=VERTEX_POINT('',#2606);
#951=VERTEX_POINT('',#2608);
#952=VERTEX_POINT('',#2612);
#953=VERTEX_POINT('',#2614);
#954=VERTEX_POINT('',#2618);
#955=VERTEX_POINT('',#2620);
#956=VERTEX_POINT('',#2624);
#957=VERTEX_POINT('',#2626);
#958=VERTEX_POINT('',#2630);
#959=VERTEX_POINT('',#2632);
#960=VERTEX_POINT('',#2636);
#961=VERTEX_POINT('',#2638);
#962=VERTEX_POINT('',#2642);
#963=VERTEX_POINT('',#2644);
#964=VERTEX_POINT('',#2651);
#965=VERTEX_POINT('',#2652);
#966=VERTEX_POINT('',#2654);
#967=VERTEX_POINT('',#2656);
#968=VERTEX_POINT('',#2660);
#969=VERTEX_POINT('',#2661);
#970=VERTEX_POINT('',#2663);
#971=VERTEX_POINT('',#2665);
#972=LINE('',#2212,#1145);
#973=LINE('',#2217,#1146);
#974=LINE('',#2221,#1147);
#975=LINE('',#2225,#1148);
#976=LINE('',#2229,#1149);
#977=LINE('',#2232,#1150);
#978=LINE('',#2233,#1151);
#979=LINE('',#2235,#1152);
#980=LINE('',#2237,#1153);
#981=LINE('',#2239,#1154);
#982=LINE('',#2241,#1155);
#983=LINE('',#2243,#1156);
#984=LINE('',#2245,#1157);
#985=LINE('',#2246,#1158);
#986=LINE('',#2248,#1159);
#987=LINE('',#2254,#1160);
#988=LINE('',#2262,#1161);
#989=LINE('',#2266,#1162);
#990=LINE('',#2270,#1163);
#991=LINE('',#2274,#1164);
#992=LINE('',#2276,#1165);
#993=LINE('',#2279,#1166);
#994=LINE('',#2281,#1167);
#995=LINE('',#2283,#1168);
#996=LINE('',#2285,#1169);
#997=LINE('',#2286,#1170);
#998=LINE('',#2288,#1171);
#999=LINE('',#2290,#1172);
#1000=LINE('',#2291,#1173);
#1001=LINE('',#2293,#1174);
#1002=LINE('',#2299,#1175);
#1003=LINE('',#2304,#1176);
#1004=LINE('',#2306,#1177);
#1005=LINE('',#2311,#1178);
#1006=LINE('',#2315,#1179);
#1007=LINE('',#2318,#1180);
#1008=LINE('',#2319,#1181);
#1009=LINE('',#2321,#1182);
#1010=LINE('',#2327,#1183);
#1011=LINE('',#2330,#1184);
#1012=LINE('',#2332,#1185);
#1013=LINE('',#2334,#1186);
#1014=LINE('',#2335,#1187);
#1015=LINE('',#2338,#1188);
#1016=LINE('',#2339,#1189);
#1017=LINE('',#2341,#1190);
#1018=LINE('',#2347,#1191);
#1019=LINE('',#2350,#1192);
#1020=LINE('',#2351,#1193);
#1021=LINE('',#2353,#1194);
#1022=LINE('',#2359,#1195);
#1023=LINE('',#2362,#1196);
#1024=LINE('',#2364,#1197);
#1025=LINE('',#2366,#1198);
#1026=LINE('',#2367,#1199);
#1027=LINE('',#2370,#1200);
#1028=LINE('',#2372,#1201);
#1029=LINE('',#2374,#1202);
#1030=LINE('',#2375,#1203);
#1031=LINE('',#2378,#1204);
#1032=LINE('',#2379,#1205);
#1033=LINE('',#2381,#1206);
#1034=LINE('',#2387,#1207);
#1035=LINE('',#2390,#1208);
#1036=LINE('',#2391,#1209);
#1037=LINE('',#2393,#1210);
#1038=LINE('',#2394,#1211);
#1039=LINE('',#2396,#1212);
#1040=LINE('',#2401,#1213);
#1041=LINE('',#2405,#1214);
#1042=LINE('',#2408,#1215);
#1043=LINE('',#2410,#1216);
#1044=LINE('',#2412,#1217);
#1045=LINE('',#2413,#1218);
#1046=LINE('',#2416,#1219);
#1047=LINE('',#2417,#1220);
#1048=LINE('',#2419,#1221);
#1049=LINE('',#2425,#1222);
#1050=LINE('',#2428,#1223);
#1051=LINE('',#2429,#1224);
#1052=LINE('',#2431,#1225);
#1053=LINE('',#2437,#1226);
#1054=LINE('',#2438,#1227);
#1055=LINE('',#2440,#1228);
#1056=LINE('',#2443,#1229);
#1057=LINE('',#2444,#1230);
#1058=LINE('',#2446,#1231);
#1059=LINE('',#2449,#1232);
#1060=LINE('',#2450,#1233);
#1061=LINE('',#2452,#1234);
#1062=LINE('',#2458,#1235);
#1063=LINE('',#2461,#1236);
#1064=LINE('',#2463,#1237);
#1065=LINE('',#2465,#1238);
#1066=LINE('',#2466,#1239);
#1067=LINE('',#2469,#1240);
#1068=LINE('',#2471,#1241);
#1069=LINE('',#2473,#1242);
#1070=LINE('',#2474,#1243);
#1071=LINE('',#2477,#1244);
#1072=LINE('',#2478,#1245);
#1073=LINE('',#2480,#1246);
#1074=LINE('',#2486,#1247);
#1075=LINE('',#2487,#1248);
#1076=LINE('',#2489,#1249);
#1077=LINE('',#2490,#1250);
#1078=LINE('',#2496,#1251);
#1079=LINE('',#2500,#1252);
#1080=LINE('',#2502,#1253);
#1081=LINE('',#2507,#1254);
#1082=LINE('',#2511,#1255);
#1083=LINE('',#2512,#1256);
#1084=LINE('',#2514,#1257);
#1085=LINE('',#2515,#1258);
#1086=LINE('',#2519,#1259);
#1087=LINE('',#2520,#1260);
#1088=LINE('',#2522,#1261);
#1089=LINE('',#2523,#1262);
#1090=LINE('',#2527,#1263);
#1091=LINE('',#2528,#1264);
#1092=LINE('',#2530,#1265);
#1093=LINE('',#2532,#1266);
#1094=LINE('',#2535,#1267);
#1095=LINE('',#2536,#1268);
#1096=LINE('',#2538,#1269);
#1097=LINE('',#2540,#1270);
#1098=LINE('',#2543,#1271);
#1099=LINE('',#2544,#1272);
#1100=LINE('',#2546,#1273);
#1101=LINE('',#2548,#1274);
#1102=LINE('',#2551,#1275);
#1103=LINE('',#2552,#1276);
#1104=LINE('',#2554,#1277);
#1105=LINE('',#2556,#1278);
#1106=LINE('',#2563,#1279);
#1107=LINE('',#2567,#1280);
#1108=LINE('',#2569,#1281);
#1109=LINE('',#2571,#1282);
#1110=LINE('',#2573,#1283);
#1111=LINE('',#2577,#1284);
#1112=LINE('',#2581,#1285);
#1113=LINE('',#2583,#1286);
#1114=LINE('',#2585,#1287);
#1115=LINE('',#2589,#1288);
#1116=LINE('',#2593,#1289);
#1117=LINE('',#2595,#1290);
#1118=LINE('',#2597,#1291);
#1119=LINE('',#2599,#1292);
#1120=LINE('',#2601,#1293);
#1121=LINE('',#2603,#1294);
#1122=LINE('',#2607,#1295);
#1123=LINE('',#2611,#1296);
#1124=LINE('',#2613,#1297);
#1125=LINE('',#2615,#1298);
#1126=LINE('',#2619,#1299);
#1127=LINE('',#2623,#1300);
#1128=LINE('',#2625,#1301);
#1129=LINE('',#2627,#1302);
#1130=LINE('',#2631,#1303);
#1131=LINE('',#2635,#1304);
#1132=LINE('',#2637,#1305);
#1133=LINE('',#2639,#1306);
#1134=LINE('',#2643,#1307);
#1135=LINE('',#2647,#1308);
#1136=LINE('',#2648,#1309);
#1137=LINE('',#2653,#1310);
#1138=LINE('',#2657,#1311);
#1139=LINE('',#2659,#1312);
#1140=LINE('',#2664,#1313);
#1141=LINE('',#2668,#1314);
#1142=LINE('',#2669,#1315);
#1143=LINE('',#2671,#1316);
#1144=LINE('',#2673,#1317);
#1145=VECTOR('',#1765,1.);
#1146=VECTOR('',#1768,1.);
#1147=VECTOR('',#1771,1.);
#1148=VECTOR('',#1774,1.);
#1149=VECTOR('',#1779,1.);
#1150=VECTOR('',#1780,1.);
#1151=VECTOR('',#1781,1.);
#1152=VECTOR('',#1782,1.);
#1153=VECTOR('',#1783,1.);
#1154=VECTOR('',#1784,1.);
#1155=VECTOR('',#1785,1.);
#1156=VECTOR('',#1786,1.);
#1157=VECTOR('',#1787,1.);
#1158=VECTOR('',#1788,1.);
#1159=VECTOR('',#1791,1.);
#1160=VECTOR('',#1796,1.);
#1161=VECTOR('',#1805,1.);
#1162=VECTOR('',#1808,1.);
#1163=VECTOR('',#1811,1.);
#1164=VECTOR('',#1814,1.);
#1165=VECTOR('',#1817,1.);
#1166=VECTOR('',#1818,1.);
#1167=VECTOR('',#1819,1.);
#1168=VECTOR('',#1820,1.);
#1169=VECTOR('',#1821,1.);
#1170=VECTOR('',#1822,1.);
#1171=VECTOR('',#1823,1.);
#1172=VECTOR('',#1824,1.);
#1173=VECTOR('',#1825,1.);
#1174=VECTOR('',#1826,1.);
#1175=VECTOR('',#1833,1.);
#1176=VECTOR('',#1838,1.);
#1177=VECTOR('',#1841,1.);
#1178=VECTOR('',#1844,1.);
#1179=VECTOR('',#1849,1.);
#1180=VECTOR('',#1850,1.);
#1181=VECTOR('',#1851,1.);
#1182=VECTOR('',#1854,1.);
#1183=VECTOR('',#1861,1.);
#1184=VECTOR('',#1862,1.);
#1185=VECTOR('',#1863,1.);
#1186=VECTOR('',#1864,1.);
#1187=VECTOR('',#1865,1.);
#1188=VECTOR('',#1866,1.);
#1189=VECTOR('',#1867,1.);
#1190=VECTOR('',#1870,1.);
#1191=VECTOR('',#1877,1.);
#1192=VECTOR('',#1878,1.);
#1193=VECTOR('',#1879,1.);
#1194=VECTOR('',#1882,1.);
#1195=VECTOR('',#1889,1.);
#1196=VECTOR('',#1890,1.);
#1197=VECTOR('',#1891,1.);
#1198=VECTOR('',#1892,1.);
#1199=VECTOR('',#1893,1.);
#1200=VECTOR('',#1894,1.);
#1201=VECTOR('',#1895,1.);
#1202=VECTOR('',#1896,1.);
#1203=VECTOR('',#1897,1.);
#1204=VECTOR('',#1898,1.);
#1205=VECTOR('',#1899,1.);
#1206=VECTOR('',#1902,1.);
#1207=VECTOR('',#1909,1.);
#1208=VECTOR('',#1910,1.);
#1209=VECTOR('',#1911,1.);
#1210=VECTOR('',#1914,1.);
#1211=VECTOR('',#1915,1.);
#1212=VECTOR('',#1918,1.);
#1213=VECTOR('',#1921,1.);
#1214=VECTOR('',#1926,1.);
#1215=VECTOR('',#1927,1.);
#1216=VECTOR('',#1928,1.);
#1217=VECTOR('',#1929,1.);
#1218=VECTOR('',#1930,1.);
#1219=VECTOR('',#1931,1.);
#1220=VECTOR('',#1932,1.);
#1221=VECTOR('',#1935,1.);
#1222=VECTOR('',#1942,1.);
#1223=VECTOR('',#1943,1.);
#1224=VECTOR('',#1944,1.);
#1225=VECTOR('',#1947,1.);
#1226=VECTOR('',#1954,1.);
#1227=VECTOR('',#1955,1.);
#1228=VECTOR('',#1958,1.);
#1229=VECTOR('',#1959,1.);
#1230=VECTOR('',#1960,1.);
#1231=VECTOR('',#1963,1.);
#1232=VECTOR('',#1964,1.);
#1233=VECTOR('',#1965,1.);
#1234=VECTOR('',#1968,1.);
#1235=VECTOR('',#1975,1.);
#1236=VECTOR('',#1976,1.);
#1237=VECTOR('',#1977,1.);
#1238=VECTOR('',#1978,1.);
#1239=VECTOR('',#1979,1.);
#1240=VECTOR('',#1980,1.);
#1241=VECTOR('',#1981,1.);
#1242=VECTOR('',#1982,1.);
#1243=VECTOR('',#1983,1.);
#1244=VECTOR('',#1984,1.);
#1245=VECTOR('',#1985,1.);
#1246=VECTOR('',#1988,1.);
#1247=VECTOR('',#1995,1.);
#1248=VECTOR('',#1996,1.);
#1249=VECTOR('',#1999,1.);
#1250=VECTOR('',#2000,1.);
#1251=VECTOR('',#2007,1.);
#1252=VECTOR('',#2010,1.);
#1253=VECTOR('',#2013,1.);
#1254=VECTOR('',#2016,1.);
#1255=VECTOR('',#2021,1.);
#1256=VECTOR('',#2022,1.);
#1257=VECTOR('',#2025,1.);
#1258=VECTOR('',#2026,1.);
#1259=VECTOR('',#2033,1.);
#1260=VECTOR('',#2034,1.);
#1261=VECTOR('',#2037,1.);
#1262=VECTOR('',#2038,1.);
#1263=VECTOR('',#2045,1.);
#1264=VECTOR('',#2046,1.);
#1265=VECTOR('',#2049,1.);
#1266=VECTOR('',#2052,1.);
#1267=VECTOR('',#2057,1.);
#1268=VECTOR('',#2058,1.);
#1269=VECTOR('',#2061,1.);
#1270=VECTOR('',#2064,1.);
#1271=VECTOR('',#2069,1.);
#1272=VECTOR('',#2070,1.);
#1273=VECTOR('',#2073,1.);
#1274=VECTOR('',#2076,1.);
#1275=VECTOR('',#2081,1.);
#1276=VECTOR('',#2082,1.);
#1277=VECTOR('',#2085,1.);
#1278=VECTOR('',#2088,1.);
#1279=VECTOR('',#2097,1.);
#1280=VECTOR('',#2100,1.);
#1281=VECTOR('',#2103,1.);
#1282=VECTOR('',#2104,1.);
#1283=VECTOR('',#2105,1.);
#1284=VECTOR('',#2110,1.);
#1285=VECTOR('',#2115,1.);
#1286=VECTOR('',#2116,1.);
#1287=VECTOR('',#2117,1.);
#1288=VECTOR('',#2122,1.);
#1289=VECTOR('',#2127,1.);
#1290=VECTOR('',#2128,1.);
#1291=VECTOR('',#2129,1.);
#1292=VECTOR('',#2132,1.);
#1293=VECTOR('',#2133,1.);
#1294=VECTOR('',#2134,1.);
#1295=VECTOR('',#2139,1.);
#1296=VECTOR('',#2144,1.);
#1297=VECTOR('',#2145,1.);
#1298=VECTOR('',#2146,1.);
#1299=VECTOR('',#2151,1.);
#1300=VECTOR('',#2156,1.);
#1301=VECTOR('',#2157,1.);
#1302=VECTOR('',#2158,1.);
#1303=VECTOR('',#2163,1.);
#1304=VECTOR('',#2168,1.);
#1305=VECTOR('',#2169,1.);
#1306=VECTOR('',#2170,1.);
#1307=VECTOR('',#2175,1.);
#1308=VECTOR('',#2180,1.);
#1309=VECTOR('',#2181,1.);
#1310=VECTOR('',#2186,1.);
#1311=VECTOR('',#2189,1.);
#1312=VECTOR('',#2192,1.);
#1313=VECTOR('',#2195,1.);
#1314=VECTOR('',#2200,1.);
#1315=VECTOR('',#2201,1.);
#1316=VECTOR('',#2204,1.);
#1317=VECTOR('',#2207,1.);
#1318=EDGE_LOOP('',(#125,#126,#127,#128,#129,#130,#131,#132));
#1319=EDGE_LOOP('',(#133,#134,#135,#136,#137,#138,#139,#140,#141,#142,#143,
#144));
#1320=EDGE_LOOP('',(#145,#146,#147,#148,#149,#150,#151,#152));
#1321=EDGE_LOOP('',(#153,#154,#155,#156,#157,#158,#159,#160));
#1322=EDGE_LOOP('',(#161,#162,#163,#164,#165,#166,#167,#168,#169,#170,#171,
#172));
#1323=EDGE_LOOP('',(#173,#174,#175,#176,#177,#178,#179,#180));
#1324=EDGE_LOOP('',(#181,#182,#183,#184));
#1325=EDGE_LOOP('',(#185,#186,#187,#188));
#1326=EDGE_LOOP('',(#189,#190,#191,#192));
#1327=EDGE_LOOP('',(#193,#194,#195,#196));
#1328=EDGE_LOOP('',(#197,#198,#199,#200));
#1329=EDGE_LOOP('',(#201,#202,#203,#204));
#1330=EDGE_LOOP('',(#205,#206,#207,#208));
#1331=EDGE_LOOP('',(#209,#210,#211,#212));
#1332=EDGE_LOOP('',(#213,#214,#215,#216));
#1333=EDGE_LOOP('',(#217,#218,#219,#220));
#1334=EDGE_LOOP('',(#221,#222,#223,#224));
#1335=EDGE_LOOP('',(#225,#226,#227,#228));
#1336=EDGE_LOOP('',(#229,#230,#231,#232));
#1337=EDGE_LOOP('',(#233,#234,#235,#236));
#1338=EDGE_LOOP('',(#237,#238,#239,#240));
#1339=EDGE_LOOP('',(#241,#242,#243,#244));
#1340=EDGE_LOOP('',(#245,#246,#247,#248));
#1341=EDGE_LOOP('',(#249,#250,#251,#252));
#1342=EDGE_LOOP('',(#253,#254,#255,#256));
#1343=EDGE_LOOP('',(#257,#258,#259,#260));
#1344=EDGE_LOOP('',(#261,#262,#263,#264));
#1345=EDGE_LOOP('',(#265,#266,#267,#268));
#1346=EDGE_LOOP('',(#269,#270,#271,#272));
#1347=EDGE_LOOP('',(#273,#274,#275,#276));
#1348=EDGE_LOOP('',(#277,#278,#279,#280));
#1349=EDGE_LOOP('',(#281,#282,#283,#284));
#1350=EDGE_LOOP('',(#285,#286,#287,#288));
#1351=EDGE_LOOP('',(#289,#290,#291,#292));
#1352=EDGE_LOOP('',(#293,#294,#295,#296));
#1353=EDGE_LOOP('',(#297,#298,#299,#300));
#1354=EDGE_LOOP('',(#301,#302,#303,#304,#305,#306,#307,#308,#309,#310,#311,
#312,#313,#314,#315));
#1355=EDGE_LOOP('',(#316,#317,#318,#319,#320,#321,#322,#323,#324,#325,#326,
#327,#328,#329,#330));
#1356=EDGE_LOOP('',(#331,#332,#333,#334));
#1357=EDGE_LOOP('',(#335,#336,#337,#338,#339,#340,#341,#342,#343,#344,#345,
#346,#347,#348,#349));
#1358=EDGE_LOOP('',(#350,#351,#352,#353));
#1359=EDGE_LOOP('',(#354,#355,#356,#357,#358,#359,#360,#361,#362,#363,#364,
#365,#366,#367,#368));
#1360=EDGE_LOOP('',(#369,#370,#371,#372));
#1361=EDGE_LOOP('',(#373,#374,#375,#376));
#1362=EDGE_LOOP('',(#377,#378,#379,#380,#381,#382));
#1363=EDGE_LOOP('',(#383,#384,#385,#386,#387,#388));
#1364=EDGE_LOOP('',(#389,#390,#391,#392));
#1365=EDGE_LOOP('',(#393,#394,#395,#396));
#1366=EDGE_LOOP('',(#397,#398,#399,#400,#401,#402));
#1367=EDGE_LOOP('',(#403,#404,#405,#406,#407,#408));
#1368=EDGE_LOOP('',(#409,#410,#411,#412));
#1369=EDGE_LOOP('',(#413,#414,#415,#416));
#1370=EDGE_LOOP('',(#417,#418,#419,#420));
#1371=EDGE_LOOP('',(#421,#422,#423,#424));
#1372=EDGE_LOOP('',(#425,#426,#427,#428));
#1373=EDGE_LOOP('',(#429,#430,#431,#432));
#1374=EDGE_LOOP('',(#433,#434,#435,#436));
#1375=EDGE_LOOP('',(#437,#438,#439,#440));
#1376=EDGE_LOOP('',(#441,#442,#443,#444));
#1377=EDGE_LOOP('',(#445,#446,#447,#448));
#1378=EDGE_LOOP('',(#449,#450,#451,#452));
#1379=EDGE_LOOP('',(#453,#454,#455,#456));
#1380=EDGE_LOOP('',(#457,#458,#459,#460));
#1381=EDGE_LOOP('',(#461,#462,#463,#464));
#1382=EDGE_LOOP('',(#465,#466,#467,#468));
#1383=EDGE_LOOP('',(#469,#470,#471,#472));
#1384=EDGE_LOOP('',(#473,#474,#475,#476));
#1385=EDGE_LOOP('',(#477,#478,#479,#480));
#1386=EDGE_LOOP('',(#481,#482,#483,#484));
#1387=EDGE_LOOP('',(#485,#486,#487,#488));
#1388=EDGE_LOOP('',(#489,#490,#491,#492));
#1389=EDGE_LOOP('',(#493,#494,#495,#496));
#1390=EDGE_LOOP('',(#497,#498,#499,#500));
#1391=EDGE_LOOP('',(#501,#502,#503,#504));
#1392=EDGE_LOOP('',(#505,#506,#507,#508));
#1393=EDGE_LOOP('',(#509,#510,#511,#512));
#1394=EDGE_LOOP('',(#513,#514,#515,#516));
#1395=EDGE_LOOP('',(#517,#518,#519,#520));
#1396=EDGE_LOOP('',(#521,#522,#523,#524));
#1397=EDGE_LOOP('',(#525,#526,#527,#528));
#1398=EDGE_LOOP('',(#529,#530,#531,#532));
#1399=EDGE_LOOP('',(#533,#534,#535,#536));
#1400=EDGE_LOOP('',(#537,#538,#539,#540,#541,#542,#543,#544,#545,#546,#547,
#548,#549,#550,#551));
#1401=EDGE_LOOP('',(#552,#553,#554,#555));
#1402=EDGE_LOOP('',(#556,#557,#558,#559,#560,#561,#562,#563,#564,#565,#566,
#567,#568,#569,#570));
#1403=EDGE_LOOP('',(#571,#572,#573,#574));
#1404=EDGE_LOOP('',(#575,#576,#577,#578));
#1405=EDGE_LOOP('',(#579,#580,#581,#582));
#1406=EDGE_LOOP('',(#583,#584,#585,#586));
#1407=FACE_BOUND('',#1318,.T.);
#1408=FACE_BOUND('',#1319,.T.);
#1409=FACE_BOUND('',#1320,.T.);
#1410=FACE_BOUND('',#1321,.T.);
#1411=FACE_BOUND('',#1322,.T.);
#1412=FACE_BOUND('',#1323,.T.);
#1413=FACE_BOUND('',#1324,.T.);
#1414=FACE_BOUND('',#1325,.T.);
#1415=FACE_BOUND('',#1326,.T.);
#1416=FACE_BOUND('',#1327,.T.);
#1417=FACE_BOUND('',#1328,.T.);
#1418=FACE_BOUND('',#1329,.T.);
#1419=FACE_BOUND('',#1330,.T.);
#1420=FACE_BOUND('',#1331,.T.);
#1421=FACE_BOUND('',#1332,.T.);
#1422=FACE_BOUND('',#1333,.T.);
#1423=FACE_BOUND('',#1334,.T.);
#1424=FACE_BOUND('',#1335,.T.);
#1425=FACE_BOUND('',#1336,.T.);
#1426=FACE_BOUND('',#1337,.T.);
#1427=FACE_BOUND('',#1338,.T.);
#1428=FACE_BOUND('',#1339,.T.);
#1429=FACE_BOUND('',#1340,.T.);
#1430=FACE_BOUND('',#1341,.T.);
#1431=FACE_BOUND('',#1342,.T.);
#1432=FACE_BOUND('',#1343,.T.);
#1433=FACE_BOUND('',#1344,.T.);
#1434=FACE_BOUND('',#1345,.T.);
#1435=FACE_BOUND('',#1346,.T.);
#1436=FACE_BOUND('',#1347,.T.);
#1437=FACE_BOUND('',#1348,.T.);
#1438=FACE_BOUND('',#1349,.T.);
#1439=FACE_BOUND('',#1350,.T.);
#1440=FACE_BOUND('',#1351,.T.);
#1441=FACE_BOUND('',#1352,.T.);
#1442=FACE_BOUND('',#1353,.T.);
#1443=FACE_BOUND('',#1354,.T.);
#1444=FACE_BOUND('',#1355,.T.);
#1445=FACE_BOUND('',#1356,.T.);
#1446=FACE_BOUND('',#1357,.T.);
#1447=FACE_BOUND('',#1358,.T.);
#1448=FACE_BOUND('',#1359,.T.);
#1449=FACE_BOUND('',#1360,.T.);
#1450=FACE_BOUND('',#1361,.T.);
#1451=FACE_BOUND('',#1362,.T.);
#1452=FACE_BOUND('',#1363,.T.);
#1453=FACE_BOUND('',#1364,.T.);
#1454=FACE_BOUND('',#1365,.T.);
#1455=FACE_BOUND('',#1366,.T.);
#1456=FACE_BOUND('',#1367,.T.);
#1457=FACE_BOUND('',#1368,.T.);
#1458=FACE_BOUND('',#1369,.T.);
#1459=FACE_BOUND('',#1370,.T.);
#1460=FACE_BOUND('',#1371,.T.);
#1461=FACE_BOUND('',#1372,.T.);
#1462=FACE_BOUND('',#1373,.T.);
#1463=FACE_BOUND('',#1374,.T.);
#1464=FACE_BOUND('',#1375,.T.);
#1465=FACE_BOUND('',#1376,.T.);
#1466=FACE_BOUND('',#1377,.T.);
#1467=FACE_BOUND('',#1378,.T.);
#1468=FACE_BOUND('',#1379,.T.);
#1469=FACE_BOUND('',#1380,.T.);
#1470=FACE_BOUND('',#1381,.T.);
#1471=FACE_BOUND('',#1382,.T.);
#1472=FACE_BOUND('',#1383,.T.);
#1473=FACE_BOUND('',#1384,.T.);
#1474=FACE_BOUND('',#1385,.T.);
#1475=FACE_BOUND('',#1386,.T.);
#1476=FACE_BOUND('',#1387,.T.);
#1477=FACE_BOUND('',#1388,.T.);
#1478=FACE_BOUND('',#1389,.T.);
#1479=FACE_BOUND('',#1390,.T.);
#1480=FACE_BOUND('',#1391,.T.);
#1481=FACE_BOUND('',#1392,.T.);
#1482=FACE_BOUND('',#1393,.T.);
#1483=FACE_BOUND('',#1394,.T.);
#1484=FACE_BOUND('',#1395,.T.);
#1485=FACE_BOUND('',#1396,.T.);
#1486=FACE_BOUND('',#1397,.T.);
#1487=FACE_BOUND('',#1398,.T.);
#1488=FACE_BOUND('',#1399,.T.);
#1489=FACE_BOUND('',#1400,.T.);
#1490=FACE_BOUND('',#1401,.T.);
#1491=FACE_BOUND('',#1402,.T.);
#1492=FACE_BOUND('',#1403,.T.);
#1493=FACE_BOUND('',#1404,.T.);
#1494=FACE_BOUND('',#1405,.T.);
#1495=FACE_BOUND('',#1406,.T.);
#1496=CYLINDRICAL_SURFACE('',#1624,0.00598755164510198);
#1497=CYLINDRICAL_SURFACE('',#1630,0.00598755164510202);
#1498=CYLINDRICAL_SURFACE('',#1635,0.00398755164510198);
#1499=CYLINDRICAL_SURFACE('',#1641,0.0039875516451019);
#1500=CYLINDRICAL_SURFACE('',#1646,0.00598755164510198);
#1501=CYLINDRICAL_SURFACE('',#1650,0.00598755164510195);
#1502=CYLINDRICAL_SURFACE('',#1654,0.00598755164510199);
#1503=CYLINDRICAL_SURFACE('',#1658,0.00598755164510201);
#1504=CYLINDRICAL_SURFACE('',#1662,0.00598756089051403);
#1505=CYLINDRICAL_SURFACE('',#1667,0.00398755164510201);
#1506=CYLINDRICAL_SURFACE('',#1671,0.00398755164510201);
#1507=CYLINDRICAL_SURFACE('',#1675,0.003987551645102);
#1508=CYLINDRICAL_SURFACE('',#1681,0.00398756089051398);
#1509=CYLINDRICAL_SURFACE('',#1685,0.00398755164510198);
#1510=CYLINDRICAL_SURFACE('',#1718,0.001651003302007);
#1511=CYLINDRICAL_SURFACE('',#1720,0.001651003302007);
#1512=CYLINDRICAL_SURFACE('',#1722,0.00598755164510198);
#1513=CYLINDRICAL_SURFACE('',#1726,0.00598755164510202);
#1514=CYLINDRICAL_SURFACE('',#1730,0.00598755164510198);
#1515=CYLINDRICAL_SURFACE('',#1735,0.00598756089051403);
#1516=CYLINDRICAL_SURFACE('',#1739,0.00598755164510201);
#1517=CYLINDRICAL_SURFACE('',#1743,0.00598755164510199);
#1518=CYLINDRICAL_SURFACE('',#1747,0.00598755164510195);
#1519=CYLINDRICAL_SURFACE('',#1758,0.001651003302007);
#1520=CYLINDRICAL_SURFACE('',#1760,0.001651003302007);
#1521=ADVANCED_FACE('',(#1407),#1496,.T.);
#1522=ADVANCED_FACE('',(#1408),#14,.T.);
#1523=ADVANCED_FACE('',(#1409),#1497,.T.);
#1524=ADVANCED_FACE('',(#1410),#1498,.F.);
#1525=ADVANCED_FACE('',(#1411),#15,.F.);
#1526=ADVANCED_FACE('',(#1412),#1499,.F.);
#1527=ADVANCED_FACE('',(#1413),#1500,.T.);
#1528=ADVANCED_FACE('',(#1414),#16,.T.);
#1529=ADVANCED_FACE('',(#1415),#1501,.T.);
#1530=ADVANCED_FACE('',(#1416,#1417),#17,.T.);
#1531=ADVANCED_FACE('',(#1418),#1502,.T.);
#1532=ADVANCED_FACE('',(#1419),#18,.T.);
#1533=ADVANCED_FACE('',(#1420),#1503,.T.);
#1534=ADVANCED_FACE('',(#1421,#1422,#1423),#19,.T.);
#1535=ADVANCED_FACE('',(#1424),#1504,.T.);
#1536=ADVANCED_FACE('',(#1425),#20,.T.);
#1537=ADVANCED_FACE('',(#1426),#21,.T.);
#1538=ADVANCED_FACE('',(#1427),#1505,.F.);
#1539=ADVANCED_FACE('',(#1428,#1429),#22,.F.);
#1540=ADVANCED_FACE('',(#1430),#1506,.F.);
#1541=ADVANCED_FACE('',(#1431),#23,.F.);
#1542=ADVANCED_FACE('',(#1432),#1507,.F.);
#1543=ADVANCED_FACE('',(#1433),#24,.F.);
#1544=ADVANCED_FACE('',(#1434),#25,.F.);
#1545=ADVANCED_FACE('',(#1435),#26,.F.);
#1546=ADVANCED_FACE('',(#1436),#1508,.F.);
#1547=ADVANCED_FACE('',(#1437,#1438,#1439),#27,.F.);
#1548=ADVANCED_FACE('',(#1440),#1509,.F.);
#1549=ADVANCED_FACE('',(#1441),#28,.F.);
#1550=ADVANCED_FACE('',(#1442),#29,.T.);
#1551=ADVANCED_FACE('',(#1443,#1444),#30,.F.);
#1552=ADVANCED_FACE('',(#1445,#1446),#31,.T.);
#1553=ADVANCED_FACE('',(#1447,#1448),#32,.F.);
#1554=ADVANCED_FACE('',(#1449),#33,.T.);
#1555=ADVANCED_FACE('',(#1450),#34,.F.);
#1556=ADVANCED_FACE('',(#1451),#35,.T.);
#1557=ADVANCED_FACE('',(#1452),#36,.F.);
#1558=ADVANCED_FACE('',(#1453),#37,.T.);
#1559=ADVANCED_FACE('',(#1454),#38,.F.);
#1560=ADVANCED_FACE('',(#1455),#39,.T.);
#1561=ADVANCED_FACE('',(#1456),#40,.F.);
#1562=ADVANCED_FACE('',(#1457),#41,.F.);
#1563=ADVANCED_FACE('',(#1458),#42,.T.);
#1564=ADVANCED_FACE('',(#1459),#43,.T.);
#1565=ADVANCED_FACE('',(#1460),#44,.F.);
#1566=ADVANCED_FACE('',(#1461),#45,.F.);
#1567=ADVANCED_FACE('',(#1462),#46,.T.);
#1568=ADVANCED_FACE('',(#1463),#47,.T.);
#1569=ADVANCED_FACE('',(#1464),#48,.F.);
#1570=ADVANCED_FACE('',(#1465),#49,.F.);
#1571=ADVANCED_FACE('',(#1466),#50,.T.);
#1572=ADVANCED_FACE('',(#1467),#51,.T.);
#1573=ADVANCED_FACE('',(#1468),#52,.F.);
#1574=ADVANCED_FACE('',(#1469),#53,.T.);
#1575=ADVANCED_FACE('',(#1470),#1510,.F.);
#1576=ADVANCED_FACE('',(#1471),#54,.T.);
#1577=ADVANCED_FACE('',(#1472),#1511,.F.);
#1578=ADVANCED_FACE('',(#1473),#1512,.T.);
#1579=ADVANCED_FACE('',(#1474),#55,.T.);
#1580=ADVANCED_FACE('',(#1475),#1513,.T.);
#1581=ADVANCED_FACE('',(#1476),#56,.T.);
#1582=ADVANCED_FACE('',(#1477),#1514,.T.);
#1583=ADVANCED_FACE('',(#1478),#57,.T.);
#1584=ADVANCED_FACE('',(#1479),#58,.T.);
#1585=ADVANCED_FACE('',(#1480),#1515,.T.);
#1586=ADVANCED_FACE('',(#1481),#59,.T.);
#1587=ADVANCED_FACE('',(#1482),#1516,.T.);
#1588=ADVANCED_FACE('',(#1483),#60,.T.);
#1589=ADVANCED_FACE('',(#1484),#1517,.T.);
#1590=ADVANCED_FACE('',(#1485),#61,.T.);
#1591=ADVANCED_FACE('',(#1486),#1518,.T.);
#1592=ADVANCED_FACE('',(#1487),#62,.T.);
#1593=ADVANCED_FACE('',(#1488,#1489),#63,.T.);
#1594=ADVANCED_FACE('',(#1490,#1491),#64,.F.);
#1595=ADVANCED_FACE('',(#1492),#65,.T.);
#1596=ADVANCED_FACE('',(#1493),#1519,.F.);
#1597=ADVANCED_FACE('',(#1494),#66,.T.);
#1598=ADVANCED_FACE('',(#1495),#1520,.F.);
#1599=CLOSED_SHELL('',(#1521,#1522,#1523,#1524,#1525,#1526,#1527,#1528,
#1529,#1530,#1531,#1532,#1533,#1534,#1535,#1536,#1537,#1538,#1539,#1540,
#1541,#1542,#1543,#1544,#1545,#1546,#1547,#1548,#1549,#1550,#1551,#1552,
#1553,#1554,#1555,#1556,#1557,#1558,#1559,#1560,#1561,#1562,#1563,#1564,
#1565,#1566,#1567,#1568,#1569,#1570,#1571,#1572,#1573,#1574,#1575,#1576,
#1577));
#1600=CLOSED_SHELL('',(#1578,#1579,#1580,#1581,#1582,#1583,#1584,#1585,
#1586,#1587,#1588,#1589,#1590,#1591,#1592,#1593,#1594,#1595,#1596,#1597,
#1598));
#1601=STYLED_ITEM('',(#1603),#1617);
#1602=STYLED_ITEM('',(#1604),#1618);
#1603=PRESENTATION_STYLE_ASSIGNMENT((#1605));
#1604=PRESENTATION_STYLE_ASSIGNMENT((#1606));
#1605=SURFACE_STYLE_USAGE(.BOTH.,#1607);
#1606=SURFACE_STYLE_USAGE(.BOTH.,#1608);
#1607=SURFACE_SIDE_STYLE('',(#1609));
#1608=SURFACE_SIDE_STYLE('',(#1610));
#1609=SURFACE_STYLE_FILL_AREA(#1611);
#1610=SURFACE_STYLE_FILL_AREA(#1612);
#1611=FILL_AREA_STYLE('',(#1613));
#1612=FILL_AREA_STYLE('',(#1614));
#1613=FILL_AREA_STYLE_COLOUR('',#1615);
#1614=FILL_AREA_STYLE_COLOUR('',#1616);
#1615=COLOUR_RGB('',0.980392156862745,0.713725490196078,0.00392156862745098);
#1616=COLOUR_RGB('',0.615686274509804,0.811764705882353,0.929411764705882);
#1617=MANIFOLD_SOLID_BREP('Part 1',#1599);
#1618=MANIFOLD_SOLID_BREP('Part 2',#1600);
#1619=SHAPE_DEFINITION_REPRESENTATION(#2687,#1621);
#1620=SHAPE_DEFINITION_REPRESENTATION(#2688,#1622);
#1621=SHAPE_REPRESENTATION('Part 1',(#1623),#2677);
#1622=SHAPE_REPRESENTATION('Part 2',(#1721),#2678);
#1623=AXIS2_PLACEMENT_3D('',#2210,#1761,#1762);
#1624=AXIS2_PLACEMENT_3D('',#2211,#1763,#1764);
#1625=AXIS2_PLACEMENT_3D('',#2215,#1766,#1767);
#1626=AXIS2_PLACEMENT_3D('',#2219,#1769,#1770);
#1627=AXIS2_PLACEMENT_3D('',#2223,#1772,#1773);
#1628=AXIS2_PLACEMENT_3D('',#2227,#1775,#1776);
#1629=AXIS2_PLACEMENT_3D('',#2228,#1777,#1778);
#1630=AXIS2_PLACEMENT_3D('',#2247,#1789,#1790);
#1631=AXIS2_PLACEMENT_3D('',#2251,#1792,#1793);
#1632=AXIS2_PLACEMENT_3D('',#2252,#1794,#1795);
#1633=AXIS2_PLACEMENT_3D('',#2256,#1797,#1798);
#1634=AXIS2_PLACEMENT_3D('',#2257,#1799,#1800);
#1635=AXIS2_PLACEMENT_3D('',#2258,#1801,#1802);
#1636=AXIS2_PLACEMENT_3D('',#2259,#1803,#1804);
#1637=AXIS2_PLACEMENT_3D('',#2264,#1806,#1807);
#1638=AXIS2_PLACEMENT_3D('',#2268,#1809,#1810);
#1639=AXIS2_PLACEMENT_3D('',#2272,#1812,#1813);
#1640=AXIS2_PLACEMENT_3D('',#2275,#1815,#1816);
#1641=AXIS2_PLACEMENT_3D('',#2294,#1827,#1828);
#1642=AXIS2_PLACEMENT_3D('',#2295,#1829,#1830);
#1643=AXIS2_PLACEMENT_3D('',#2297,#1831,#1832);
#1644=AXIS2_PLACEMENT_3D('',#2301,#1834,#1835);
#1645=AXIS2_PLACEMENT_3D('',#2302,#1836,#1837);
#1646=AXIS2_PLACEMENT_3D('',#2305,#1839,#1840);
#1647=AXIS2_PLACEMENT_3D('',#2309,#1842,#1843);
#1648=AXIS2_PLACEMENT_3D('',#2313,#1845,#1846);
#1649=AXIS2_PLACEMENT_3D('',#2314,#1847,#1848);
#1650=AXIS2_PLACEMENT_3D('',#2320,#1852,#1853);
#1651=AXIS2_PLACEMENT_3D('',#2324,#1855,#1856);
#1652=AXIS2_PLACEMENT_3D('',#2325,#1857,#1858);
#1653=AXIS2_PLACEMENT_3D('',#2326,#1859,#1860);
#1654=AXIS2_PLACEMENT_3D('',#2340,#1868,#1869);
#1655=AXIS2_PLACEMENT_3D('',#2344,#1871,#1872);
#1656=AXIS2_PLACEMENT_3D('',#2345,#1873,#1874);
#1657=AXIS2_PLACEMENT_3D('',#2346,#1875,#1876);
#1658=AXIS2_PLACEMENT_3D('',#2352,#1880,#1881);
#1659=AXIS2_PLACEMENT_3D('',#2356,#1883,#1884);
#1660=AXIS2_PLACEMENT_3D('',#2357,#1885,#1886);
#1661=AXIS2_PLACEMENT_3D('',#2358,#1887,#1888);
#1662=AXIS2_PLACEMENT_3D('',#2380,#1900,#1901);
#1663=AXIS2_PLACEMENT_3D('',#2384,#1903,#1904);
#1664=AXIS2_PLACEMENT_3D('',#2385,#1905,#1906);
#1665=AXIS2_PLACEMENT_3D('',#2386,#1907,#1908);
#1666=AXIS2_PLACEMENT_3D('',#2392,#1912,#1913);
#1667=AXIS2_PLACEMENT_3D('',#2395,#1916,#1917);
#1668=AXIS2_PLACEMENT_3D('',#2399,#1919,#1920);
#1669=AXIS2_PLACEMENT_3D('',#2403,#1922,#1923);
#1670=AXIS2_PLACEMENT_3D('',#2404,#1924,#1925);
#1671=AXIS2_PLACEMENT_3D('',#2418,#1933,#1934);
#1672=AXIS2_PLACEMENT_3D('',#2422,#1936,#1937);
#1673=AXIS2_PLACEMENT_3D('',#2423,#1938,#1939);
#1674=AXIS2_PLACEMENT_3D('',#2424,#1940,#1941);
#1675=AXIS2_PLACEMENT_3D('',#2430,#1945,#1946);
#1676=AXIS2_PLACEMENT_3D('',#2434,#1948,#1949);
#1677=AXIS2_PLACEMENT_3D('',#2435,#1950,#1951);
#1678=AXIS2_PLACEMENT_3D('',#2436,#1952,#1953);
#1679=AXIS2_PLACEMENT_3D('',#2439,#1956,#1957);
#1680=AXIS2_PLACEMENT_3D('',#2445,#1961,#1962);
#1681=AXIS2_PLACEMENT_3D('',#2451,#1966,#1967);
#1682=AXIS2_PLACEMENT_3D('',#2455,#1969,#1970);
#1683=AXIS2_PLACEMENT_3D('',#2456,#1971,#1972);
#1684=AXIS2_PLACEMENT_3D('',#2457,#1973,#1974);
#1685=AXIS2_PLACEMENT_3D('',#2479,#1986,#1987);
#1686=AXIS2_PLACEMENT_3D('',#2483,#1989,#1990);
#1687=AXIS2_PLACEMENT_3D('',#2484,#1991,#1992);
#1688=AXIS2_PLACEMENT_3D('',#2485,#1993,#1994);
#1689=AXIS2_PLACEMENT_3D('',#2488,#1997,#1998);
#1690=AXIS2_PLACEMENT_3D('',#2491,#2001,#2002);
#1691=AXIS2_PLACEMENT_3D('',#2492,#2003,#2004);
#1692=AXIS2_PLACEMENT_3D('',#2493,#2005,#2006);
#1693=AXIS2_PLACEMENT_3D('',#2498,#2008,#2009);
#1694=AXIS2_PLACEMENT_3D('',#2501,#2011,#2012);
#1695=AXIS2_PLACEMENT_3D('',#2505,#2014,#2015);
#1696=AXIS2_PLACEMENT_3D('',#2509,#2017,#2018);
#1697=AXIS2_PLACEMENT_3D('',#2510,#2019,#2020);
#1698=AXIS2_PLACEMENT_3D('',#2513,#2023,#2024);
#1699=AXIS2_PLACEMENT_3D('',#2516,#2027,#2028);
#1700=AXIS2_PLACEMENT_3D('',#2517,#2029,#2030);
#1701=AXIS2_PLACEMENT_3D('',#2518,#2031,#2032);
#1702=AXIS2_PLACEMENT_3D('',#2521,#2035,#2036);
#1703=AXIS2_PLACEMENT_3D('',#2524,#2039,#2040);
#1704=AXIS2_PLACEMENT_3D('',#2525,#2041,#2042);
#1705=AXIS2_PLACEMENT_3D('',#2526,#2043,#2044);
#1706=AXIS2_PLACEMENT_3D('',#2529,#2047,#2048);
#1707=AXIS2_PLACEMENT_3D('',#2531,#2050,#2051);
#1708=AXIS2_PLACEMENT_3D('',#2533,#2053,#2054);
#1709=AXIS2_PLACEMENT_3D('',#2534,#2055,#2056);
#1710=AXIS2_PLACEMENT_3D('',#2537,#2059,#2060);
#1711=AXIS2_PLACEMENT_3D('',#2539,#2062,#2063);
#1712=AXIS2_PLACEMENT_3D('',#2541,#2065,#2066);
#1713=AXIS2_PLACEMENT_3D('',#2542,#2067,#2068);
#1714=AXIS2_PLACEMENT_3D('',#2545,#2071,#2072);
#1715=AXIS2_PLACEMENT_3D('',#2547,#2074,#2075);
#1716=AXIS2_PLACEMENT_3D('',#2549,#2077,#2078);
#1717=AXIS2_PLACEMENT_3D('',#2550,#2079,#2080);
#1718=AXIS2_PLACEMENT_3D('',#2553,#2083,#2084);
#1719=AXIS2_PLACEMENT_3D('',#2555,#2086,#2087);
#1720=AXIS2_PLACEMENT_3D('',#2557,#2089,#2090);
#1721=AXIS2_PLACEMENT_3D('',#2558,#2091,#2092);
#1722=AXIS2_PLACEMENT_3D('',#2559,#2093,#2094);
#1723=AXIS2_PLACEMENT_3D('',#2560,#2095,#2096);
#1724=AXIS2_PLACEMENT_3D('',#2565,#2098,#2099);
#1725=AXIS2_PLACEMENT_3D('',#2568,#2101,#2102);
#1726=AXIS2_PLACEMENT_3D('',#2574,#2106,#2107);
#1727=AXIS2_PLACEMENT_3D('',#2575,#2108,#2109);
#1728=AXIS2_PLACEMENT_3D('',#2579,#2111,#2112);
#1729=AXIS2_PLACEMENT_3D('',#2580,#2113,#2114);
#1730=AXIS2_PLACEMENT_3D('',#2586,#2118,#2119);
#1731=AXIS2_PLACEMENT_3D('',#2587,#2120,#2121);
#1732=AXIS2_PLACEMENT_3D('',#2591,#2123,#2124);
#1733=AXIS2_PLACEMENT_3D('',#2592,#2125,#2126);
#1734=AXIS2_PLACEMENT_3D('',#2598,#2130,#2131);
#1735=AXIS2_PLACEMENT_3D('',#2604,#2135,#2136);
#1736=AXIS2_PLACEMENT_3D('',#2605,#2137,#2138);
#1737=AXIS2_PLACEMENT_3D('',#2609,#2140,#2141);
#1738=AXIS2_PLACEMENT_3D('',#2610,#2142,#2143);
#1739=AXIS2_PLACEMENT_3D('',#2616,#2147,#2148);
#1740=AXIS2_PLACEMENT_3D('',#2617,#2149,#2150);
#1741=AXIS2_PLACEMENT_3D('',#2621,#2152,#2153);
#1742=AXIS2_PLACEMENT_3D('',#2622,#2154,#2155);
#1743=AXIS2_PLACEMENT_3D('',#2628,#2159,#2160);
#1744=AXIS2_PLACEMENT_3D('',#2629,#2161,#2162);
#1745=AXIS2_PLACEMENT_3D('',#2633,#2164,#2165);
#1746=AXIS2_PLACEMENT_3D('',#2634,#2166,#2167);
#1747=AXIS2_PLACEMENT_3D('',#2640,#2171,#2172);
#1748=AXIS2_PLACEMENT_3D('',#2641,#2173,#2174);
#1749=AXIS2_PLACEMENT_3D('',#2645,#2176,#2177);
#1750=AXIS2_PLACEMENT_3D('',#2646,#2178,#2179);
#1751=AXIS2_PLACEMENT_3D('',#2649,#2182,#2183);
#1752=AXIS2_PLACEMENT_3D('',#2650,#2184,#2185);
#1753=AXIS2_PLACEMENT_3D('',#2655,#2187,#2188);
#1754=AXIS2_PLACEMENT_3D('',#2658,#2190,#2191);
#1755=AXIS2_PLACEMENT_3D('',#2662,#2193,#2194);
#1756=AXIS2_PLACEMENT_3D('',#2666,#2196,#2197);
#1757=AXIS2_PLACEMENT_3D('',#2667,#2198,#2199);
#1758=AXIS2_PLACEMENT_3D('',#2670,#2202,#2203);
#1759=AXIS2_PLACEMENT_3D('',#2672,#2205,#2206);
#1760=AXIS2_PLACEMENT_3D('',#2674,#2208,#2209);
#1761=DIRECTION('',(0.,0.,1.));
#1762=DIRECTION('',(1.,0.,0.));
#1763=DIRECTION('',(0.,0.,-1.));
#1764=DIRECTION('',(-1.,0.,0.));
#1765=DIRECTION('',(0.,0.,-1.));
#1766=DIRECTION('',(-3.6248972231679E-17,-4.97394923439602E-15,-1.));
#1767=DIRECTION('',(0.,1.,-4.97394923439602E-15));
#1768=DIRECTION('',(0.,0.,-1.));
#1769=DIRECTION('',(6.9423916185547E-18,-4.93075787054578E-15,-1.));
#1770=DIRECTION('',(0.,1.,-4.93075787054578E-15));
#1771=DIRECTION('',(0.,0.,-1.));
#1772=DIRECTION('',(0.,0.,-1.));
#1773=DIRECTION('',(-1.,0.,0.));
#1774=DIRECTION('',(0.,0.,-1.));
#1775=DIRECTION('',(0.,0.,-1.));
#1776=DIRECTION('',(-1.,0.,0.));
#1777=DIRECTION('',(-0.707106781186565,0.70710678118653,0.));
#1778=DIRECTION('',(-0.70710678118653,-0.707106781186565,0.));
#1779=DIRECTION('',(2.07131161310732E-15,2.07131161310741E-15,1.));
#1780=DIRECTION('',(-0.70710678118653,-0.707106781186565,3.54274512699521E-15));
#1781=DIRECTION('',(0.70710678118653,0.707106781186565,0.));
#1782=DIRECTION('',(0.,0.,-1.));
#1783=DIRECTION('',(-0.70710678118653,-0.707106781186565,8.5788623442785E-29));
#1784=DIRECTION('',(1.03565580655338E-15,1.03565580655344E-15,1.));
#1785=DIRECTION('',(-0.70710678118653,-0.707106781186565,8.69719148006166E-29));
#1786=DIRECTION('',(0.,0.,-1.));
#1787=DIRECTION('',(0.70710678118653,0.707106781186565,0.));
#1788=DIRECTION('',(-0.70710678118653,-0.707106781186565,3.48166331446082E-15));
#1789=DIRECTION('',(0.,0.,-1.));
#1790=DIRECTION('',(-1.,0.,0.));
#1791=DIRECTION('',(0.,0.,-1.));
#1792=DIRECTION('',(2.46885013108217E-15,-2.46885013108217E-15,-1.));
#1793=DIRECTION('',(-1.,0.,-2.46885013108217E-15));
#1794=DIRECTION('',(0.,0.,-1.));
#1795=DIRECTION('',(-1.,0.,0.));
#1796=DIRECTION('',(0.,0.,-1.));
#1797=DIRECTION('',(0.,0.,-1.));
#1798=DIRECTION('',(-1.,0.,0.));
#1799=DIRECTION('',(2.46885013108217E-15,-2.46885013108217E-15,-1.));
#1800=DIRECTION('',(0.,1.,-2.46885013108217E-15));
#1801=DIRECTION('',(0.,0.,-1.));
#1802=DIRECTION('',(-1.,0.,0.));
#1803=DIRECTION('',(2.46885013108217E-15,-2.46885013108217E-15,-1.));
#1804=DIRECTION('',(-1.,0.,-2.46885013108217E-15));
#1805=DIRECTION('',(0.,0.,-1.));
#1806=DIRECTION('',(2.46885013108217E-15,-2.46885013108217E-15,-1.));
#1807=DIRECTION('',(0.,1.,-2.46885013108217E-15));
#1808=DIRECTION('',(0.,0.,-1.));
#1809=DIRECTION('',(0.,0.,-1.));
#1810=DIRECTION('',(-1.,0.,0.));
#1811=DIRECTION('',(0.,0.,-1.));
#1812=DIRECTION('',(0.,0.,-1.));
#1813=DIRECTION('',(-1.,0.,0.));
#1814=DIRECTION('',(0.,0.,-1.));
#1815=DIRECTION('',(-0.707106781186565,0.70710678118653,0.));
#1816=DIRECTION('',(-0.70710678118653,-0.707106781186565,0.));
#1817=DIRECTION('',(-0.70710678118653,-0.707106781186565,3.54274512699521E-15));
#1818=DIRECTION('',(2.07131161310732E-15,2.07131161310741E-15,1.));
#1819=DIRECTION('',(-0.70710678118653,-0.707106781186565,3.48166331446082E-15));
#1820=DIRECTION('',(0.,0.,-1.));
#1821=DIRECTION('',(0.70710678118653,0.707106781186565,0.));
#1822=DIRECTION('',(-0.70710678118653,-0.707106781186565,8.69719148006166E-29));
#1823=DIRECTION('',(1.03565580655338E-15,1.03565580655344E-15,1.));
#1824=DIRECTION('',(-0.70710678118653,-0.707106781186565,8.5788623442785E-29));
#1825=DIRECTION('',(0.70710678118653,0.707106781186565,0.));
#1826=DIRECTION('',(0.,0.,-1.));
#1827=DIRECTION('',(0.,0.,-1.));
#1828=DIRECTION('',(-1.,0.,0.));
#1829=DIRECTION('',(-3.6248972231679E-17,-4.97394923439602E-15,-1.));
#1830=DIRECTION('',(0.,1.,-4.97394923439602E-15));
#1831=DIRECTION('',(0.,0.,-1.));
#1832=DIRECTION('',(-1.,0.,0.));
#1833=DIRECTION('',(0.,0.,-1.));
#1834=DIRECTION('',(0.,0.,-1.));
#1835=DIRECTION('',(-1.,0.,0.));
#1836=DIRECTION('',(6.9423916185547E-18,-4.93075787054578E-15,-1.));
#1837=DIRECTION('',(0.,1.,-4.93075787054578E-15));
#1838=DIRECTION('',(0.,0.,-1.));
#1839=DIRECTION('',(0.,0.,-1.));
#1840=DIRECTION('',(-1.,0.,0.));
#1841=DIRECTION('',(0.,0.,-1.));
#1842=DIRECTION('',(0.,0.,-1.));
#1843=DIRECTION('',(-1.,0.,0.));
#1844=DIRECTION('',(0.,0.,-1.));
#1845=DIRECTION('',(0.,0.,-1.));
#1846=DIRECTION('',(-1.,0.,0.));
#1847=DIRECTION('',(0.707106781186577,0.707106781186518,0.));
#1848=DIRECTION('',(-0.707106781186518,0.707106781186577,0.));
#1849=DIRECTION('',(0.,0.,-1.));
#1850=DIRECTION('',(0.707106781186518,-0.707106781186577,0.));
#1851=DIRECTION('',(0.707106781186518,-0.707106781186577,0.));
#1852=DIRECTION('',(0.,0.,-1.));
#1853=DIRECTION('',(-1.,0.,0.));
#1854=DIRECTION('',(0.,0.,-1.));
#1855=DIRECTION('',(0.,0.,-1.));
#1856=DIRECTION('',(-1.,0.,0.));
#1857=DIRECTION('',(0.,0.,-1.));
#1858=DIRECTION('',(-1.,0.,0.));
#1859=DIRECTION('',(1.,0.,0.));
#1860=DIRECTION('',(0.,0.,-1.));
#1861=DIRECTION('',(0.,0.,1.));
#1862=DIRECTION('',(0.,1.,0.));
#1863=DIRECTION('',(0.,0.,1.));
#1864=DIRECTION('',(0.,1.,0.));
#1865=DIRECTION('',(0.,0.,-1.));
#1866=DIRECTION('',(0.,-1.,0.));
#1867=DIRECTION('',(0.,-1.,0.));
#1868=DIRECTION('',(0.,0.,-1.));
#1869=DIRECTION('',(-1.,0.,0.));
#1870=DIRECTION('',(0.,0.,-1.));
#1871=DIRECTION('',(0.,0.,-1.));
#1872=DIRECTION('',(-1.,0.,0.));
#1873=DIRECTION('',(0.,0.,-1.));
#1874=DIRECTION('',(-1.,0.,0.));
#1875=DIRECTION('',(0.707106781186635,-0.70710678118646,0.));
#1876=DIRECTION('',(0.70710678118646,0.707106781186635,0.));
#1877=DIRECTION('',(0.,0.,-1.));
#1878=DIRECTION('',(-0.70710678118646,-0.707106781186635,0.));
#1879=DIRECTION('',(-0.70710678118646,-0.707106781186635,0.));
#1880=DIRECTION('',(0.,0.,-1.));
#1881=DIRECTION('',(-1.,0.,0.));
#1882=DIRECTION('',(0.,0.,-1.));
#1883=DIRECTION('',(0.,0.,-1.));
#1884=DIRECTION('',(-1.,0.,0.));
#1885=DIRECTION('',(0.,0.,-1.));
#1886=DIRECTION('',(-1.,0.,0.));
#1887=DIRECTION('',(0.,-1.,0.));
#1888=DIRECTION('',(0.,0.,-1.));
#1889=DIRECTION('',(0.,0.,1.));
#1890=DIRECTION('',(1.,0.,-1.96334397432022E-16));
#1891=DIRECTION('',(0.,0.,1.));
#1892=DIRECTION('',(1.,0.,0.));
#1893=DIRECTION('',(0.,0.,1.));
#1894=DIRECTION('',(1.,0.,0.));
#1895=DIRECTION('',(0.,0.,1.));
#1896=DIRECTION('',(1.,0.,0.));
#1897=DIRECTION('',(0.,0.,-1.));
#1898=DIRECTION('',(-1.,0.,0.));
#1899=DIRECTION('',(-1.,0.,0.));
#1900=DIRECTION('',(0.,0.,-1.));
#1901=DIRECTION('',(-1.,0.,0.));
#1902=DIRECTION('',(0.,0.,-1.));
#1903=DIRECTION('',(0.,0.,-1.));
#1904=DIRECTION('',(-1.,0.,0.));
#1905=DIRECTION('',(0.,0.,-1.));
#1906=DIRECTION('',(-1.,0.,0.));
#1907=DIRECTION('',(-0.358286927391382,-0.933611523954392,0.));
#1908=DIRECTION('',(0.933611523954392,-0.358286927391382,0.));
#1909=DIRECTION('',(0.,0.,-1.));
#1910=DIRECTION('',(-0.933611523954392,0.358286927391382,0.));
#1911=DIRECTION('',(-0.933611523954392,0.358286927391382,0.));
#1912=DIRECTION('',(-1.,0.,0.));
#1913=DIRECTION('',(0.,0.,1.));
#1914=DIRECTION('',(0.,1.,0.));
#1915=DIRECTION('',(0.,1.,0.));
#1916=DIRECTION('',(0.,0.,-1.));
#1917=DIRECTION('',(-1.,0.,0.));
#1918=DIRECTION('',(0.,0.,-1.));
#1919=DIRECTION('',(0.,0.,-1.));
#1920=DIRECTION('',(-1.,0.,0.));
#1921=DIRECTION('',(0.,0.,-1.));
#1922=DIRECTION('',(0.,0.,-1.));
#1923=DIRECTION('',(-1.,0.,0.));
#1924=DIRECTION('',(1.,0.,0.));
#1925=DIRECTION('',(0.,0.,-1.));
#1926=DIRECTION('',(0.,1.,0.));
#1927=DIRECTION('',(0.,0.,1.));
#1928=DIRECTION('',(0.,1.,0.));
#1929=DIRECTION('',(0.,0.,1.));
#1930=DIRECTION('',(0.,0.,-1.));
#1931=DIRECTION('',(0.,-1.,0.));
#1932=DIRECTION('',(0.,-1.,0.));
#1933=DIRECTION('',(0.,0.,-1.));
#1934=DIRECTION('',(-1.,0.,0.));
#1935=DIRECTION('',(0.,0.,-1.));
#1936=DIRECTION('',(0.,0.,-1.));
#1937=DIRECTION('',(-1.,0.,0.));
#1938=DIRECTION('',(0.,0.,-1.));
#1939=DIRECTION('',(-1.,0.,0.));
#1940=DIRECTION('',(0.707106781186577,0.707106781186518,0.));
#1941=DIRECTION('',(-0.707106781186518,0.707106781186577,0.));
#1942=DIRECTION('',(0.,0.,-1.));
#1943=DIRECTION('',(0.707106781186518,-0.707106781186577,0.));
#1944=DIRECTION('',(0.707106781186518,-0.707106781186577,0.));
#1945=DIRECTION('',(0.,0.,-1.));
#1946=DIRECTION('',(-1.,0.,0.));
#1947=DIRECTION('',(0.,0.,-1.));
#1948=DIRECTION('',(0.,0.,-1.));
#1949=DIRECTION('',(-1.,0.,0.));
#1950=DIRECTION('',(0.,0.,-1.));
#1951=DIRECTION('',(-1.,0.,0.));
#1952=DIRECTION('',(0.,1.,0.));
#1953=DIRECTION('',(0.,0.,1.));
#1954=DIRECTION('',(1.,0.,0.));
#1955=DIRECTION('',(1.,0.,0.));
#1956=DIRECTION('',(-1.,0.,0.));
#1957=DIRECTION('',(0.,0.,1.));
#1958=DIRECTION('',(0.,0.,-1.));
#1959=DIRECTION('',(0.,1.,0.));
#1960=DIRECTION('',(0.,1.,0.));
#1961=DIRECTION('',(-0.358286927391382,-0.933611523954392,0.));
#1962=DIRECTION('',(0.933611523954392,-0.358286927391382,0.));
#1963=DIRECTION('',(0.,0.,-1.));
#1964=DIRECTION('',(-0.933611523954392,0.358286927391382,0.));
#1965=DIRECTION('',(-0.933611523954392,0.358286927391382,0.));
#1966=DIRECTION('',(0.,0.,-1.));
#1967=DIRECTION('',(-1.,0.,0.));
#1968=DIRECTION('',(0.,0.,-1.));
#1969=DIRECTION('',(0.,0.,-1.));
#1970=DIRECTION('',(-1.,0.,0.));
#1971=DIRECTION('',(0.,0.,-1.));
#1972=DIRECTION('',(-1.,0.,0.));
#1973=DIRECTION('',(0.,-1.,0.));
#1974=DIRECTION('',(0.,0.,-1.));
#1975=DIRECTION('',(1.,0.,-1.96334397432022E-16));
#1976=DIRECTION('',(0.,0.,1.));
#1977=DIRECTION('',(1.,0.,0.));
#1978=DIRECTION('',(0.,0.,1.));
#1979=DIRECTION('',(1.,0.,0.));
#1980=DIRECTION('',(0.,0.,1.));
#1981=DIRECTION('',(1.,0.,0.));
#1982=DIRECTION('',(0.,0.,1.));
#1983=DIRECTION('',(0.,0.,-1.));
#1984=DIRECTION('',(-1.,0.,0.));
#1985=DIRECTION('',(-1.,0.,0.));
#1986=DIRECTION('',(0.,0.,-1.));
#1987=DIRECTION('',(-1.,0.,0.));
#1988=DIRECTION('',(0.,0.,-1.));
#1989=DIRECTION('',(0.,0.,-1.));
#1990=DIRECTION('',(-1.,0.,0.));
#1991=DIRECTION('',(0.,0.,-1.));
#1992=DIRECTION('',(-1.,0.,0.));
#1993=DIRECTION('',(0.707106781186635,-0.70710678118646,0.));
#1994=DIRECTION('',(0.70710678118646,0.707106781186635,0.));
#1995=DIRECTION('',(-0.70710678118646,-0.707106781186635,0.));
#1996=DIRECTION('',(-0.70710678118646,-0.707106781186635,0.));
#1997=DIRECTION('',(0.,1.,0.));
#1998=DIRECTION('',(0.,0.,1.));
#1999=DIRECTION('',(1.,0.,0.));
#2000=DIRECTION('',(1.,0.,0.));
#2001=DIRECTION('',(0.,0.,-1.));
#2002=DIRECTION('',(1.,0.,0.));
#2003=DIRECTION('',(0.,0.,1.));
#2004=DIRECTION('',(1.,0.,0.));
#2005=DIRECTION('',(0.,0.,1.));
#2006=DIRECTION('',(1.,0.,0.));
#2007=DIRECTION('',(-0.707106781186548,0.707106781186548,0.));
#2008=DIRECTION('',(0.,0.,1.));
#2009=DIRECTION('',(1.,0.,0.));
#2010=DIRECTION('',(0.707106781186548,-0.707106781186548,0.));
#2011=DIRECTION('',(0.,0.,1.));
#2012=DIRECTION('',(1.,0.,0.));
#2013=DIRECTION('',(-0.707106781186548,0.707106781186548,0.));
#2014=DIRECTION('',(0.,0.,1.));
#2015=DIRECTION('',(1.,0.,0.));
#2016=DIRECTION('',(0.707106781186548,-0.707106781186548,0.));
#2017=DIRECTION('',(0.,0.,1.));
#2018=DIRECTION('',(1.,0.,0.));
#2019=DIRECTION('',(-0.707106781186548,-0.707106781186548,2.92927697515733E-15));
#2020=DIRECTION('',(0.707106781186548,-0.707106781186548,0.));
#2021=DIRECTION('',(0.707106781186548,-0.707106781186548,3.491481338843E-15));
#2022=DIRECTION('',(0.707106781186548,-0.707106781186548,3.491481338843E-15));
#2023=DIRECTION('',(-0.707106781186548,-0.707106781186548,3.66159621894666E-15));
#2024=DIRECTION('',(0.707106781186548,-0.707106781186548,0.));
#2025=DIRECTION('',(0.707106781186548,-0.707106781186548,3.491481338843E-15));
#2026=DIRECTION('',(0.707106781186548,-0.707106781186548,3.491481338843E-15));
#2027=DIRECTION('',(-3.6248972231679E-17,-4.97394923439602E-15,-1.));
#2028=DIRECTION('',(0.,1.,-4.97394923439602E-15));
#2029=DIRECTION('',(6.9423916185547E-18,-4.93075787054578E-15,-1.));
#2030=DIRECTION('',(0.,1.,-4.93075787054578E-15));
#2031=DIRECTION('',(-0.707106781186548,-0.707106781186548,1.46463848757828E-15));
#2032=DIRECTION('',(0.707106781186548,-0.707106781186548,0.));
#2033=DIRECTION('',(0.707106781186548,-0.707106781186548,3.491481338843E-15));
#2034=DIRECTION('',(0.707106781186548,-0.707106781186548,3.491481338843E-15));
#2035=DIRECTION('',(-0.707106781186548,-0.707106781186548,1.46463848757828E-15));
#2036=DIRECTION('',(0.707106781186548,-0.707106781186548,0.));
#2037=DIRECTION('',(0.707106781186548,-0.707106781186548,3.491481338843E-15));
#2038=DIRECTION('',(0.707106781186548,-0.707106781186548,3.491481338843E-15));
#2039=DIRECTION('',(2.46885013108217E-15,-2.46885013108217E-15,-1.));
#2040=DIRECTION('',(-1.,0.,-2.46885013108217E-15));
#2041=DIRECTION('',(2.46885013108217E-15,-2.46885013108217E-15,-1.));
#2042=DIRECTION('',(0.,1.,-2.46885013108217E-15));
#2043=DIRECTION('',(1.,0.,0.));
#2044=DIRECTION('',(0.,0.,-1.));
#2045=DIRECTION('',(0.,1.,3.491481338843E-15));
#2046=DIRECTION('',(0.,1.,3.491481338843E-15));
#2047=DIRECTION('',(0.,3.491481338843E-15,-1.));
#2048=DIRECTION('',(0.,1.,3.491481338843E-15));
#2049=DIRECTION('',(0.,1.,3.491481338843E-15));
#2050=DIRECTION('',(1.,0.,0.));
#2051=DIRECTION('',(0.,0.,-1.));
#2052=DIRECTION('',(0.,1.,3.491481338843E-15));
#2053=DIRECTION('',(0.,3.491481338843E-15,-1.));
#2054=DIRECTION('',(0.,1.,3.491481338843E-15));
#2055=DIRECTION('',(1.,0.,0.));
#2056=DIRECTION('',(0.,0.,-1.));
#2057=DIRECTION('',(0.,1.,3.491481338843E-15));
#2058=DIRECTION('',(0.,1.,3.491481338843E-15));
#2059=DIRECTION('',(0.,3.491481338843E-15,-1.));
#2060=DIRECTION('',(0.,1.,3.491481338843E-15));
#2061=DIRECTION('',(0.,1.,3.491481338843E-15));
#2062=DIRECTION('',(1.,0.,0.));
#2063=DIRECTION('',(0.,0.,-1.));
#2064=DIRECTION('',(0.,1.,3.491481338843E-15));
#2065=DIRECTION('',(-1.96334397432022E-16,3.491481338843E-15,-1.));
#2066=DIRECTION('',(0.,1.,3.491481338843E-15));
#2067=DIRECTION('',(0.,1.,0.));
#2068=DIRECTION('',(0.,0.,1.));
#2069=DIRECTION('',(-1.,0.,3.491481338843E-15));
#2070=DIRECTION('',(-1.,0.,3.491481338843E-15));
#2071=DIRECTION('',(-3.491481338843E-15,0.,-1.));
#2072=DIRECTION('',(-1.,0.,3.491481338843E-15));
#2073=DIRECTION('',(-1.,0.,3.491481338843E-15));
#2074=DIRECTION('',(0.,1.,0.));
#2075=DIRECTION('',(0.,0.,1.));
#2076=DIRECTION('',(-1.,0.,3.491481338843E-15));
#2077=DIRECTION('',(-3.491481338843E-15,0.,-1.));
#2078=DIRECTION('',(-1.,0.,3.491481338843E-15));
#2079=DIRECTION('',(0.707106781186548,0.707106781186548,0.));
#2080=DIRECTION('',(-0.707106781186548,0.707106781186548,0.));
#2081=DIRECTION('',(0.,0.,-1.));
#2082=DIRECTION('',(0.,0.,-1.));
#2083=DIRECTION('',(0.,0.,-1.));
#2084=DIRECTION('',(-1.,0.,0.));
#2085=DIRECTION('',(0.,0.,-1.));
#2086=DIRECTION('',(-0.707106781186548,-0.707106781186548,0.));
#2087=DIRECTION('',(0.707106781186548,-0.707106781186548,0.));
#2088=DIRECTION('',(0.,0.,-1.));
#2089=DIRECTION('',(0.,0.,-1.));
#2090=DIRECTION('',(-1.,0.,0.));
#2091=DIRECTION('',(0.,0.,1.));
#2092=DIRECTION('',(1.,0.,0.));
#2093=DIRECTION('',(0.,0.,-1.));
#2094=DIRECTION('',(-1.,0.,0.));
#2095=DIRECTION('',(0.,0.,-1.));
#2096=DIRECTION('',(-1.,0.,0.));
#2097=DIRECTION('',(0.,0.,-1.));
#2098=DIRECTION('',(0.,0.,-1.));
#2099=DIRECTION('',(-1.,0.,0.));
#2100=DIRECTION('',(0.,0.,-1.));
#2101=DIRECTION('',(0.,1.,0.));
#2102=DIRECTION('',(0.,0.,1.));
#2103=DIRECTION('',(1.,0.,0.));
#2104=DIRECTION('',(0.,0.,-1.));
#2105=DIRECTION('',(1.,0.,0.));
#2106=DIRECTION('',(0.,0.,-1.));
#2107=DIRECTION('',(-1.,0.,0.));
#2108=DIRECTION('',(0.,0.,-1.));
#2109=DIRECTION('',(-1.,0.,0.));
#2110=DIRECTION('',(0.,0.,-1.));
#2111=DIRECTION('',(0.,0.,-1.));
#2112=DIRECTION('',(-1.,0.,0.));
#2113=DIRECTION('',(-0.707106781186565,0.70710678118653,0.));
#2114=DIRECTION('',(-0.70710678118653,-0.707106781186565,0.));
#2115=DIRECTION('',(0.70710678118653,0.707106781186565,0.));
#2116=DIRECTION('',(0.,0.,-1.));
#2117=DIRECTION('',(0.70710678118653,0.707106781186565,0.));
#2118=DIRECTION('',(0.,0.,-1.));
#2119=DIRECTION('',(-1.,0.,0.));
#2120=DIRECTION('',(0.,0.,-1.));
#2121=DIRECTION('',(-1.,0.,0.));
#2122=DIRECTION('',(0.,0.,-1.));
#2123=DIRECTION('',(0.,0.,-1.));
#2124=DIRECTION('',(-1.,0.,0.));
#2125=DIRECTION('',(-1.,0.,0.));
#2126=DIRECTION('',(0.,0.,1.));
#2127=DIRECTION('',(0.,1.,0.));
#2128=DIRECTION('',(0.,0.,-1.));
#2129=DIRECTION('',(0.,1.,0.));
#2130=DIRECTION('',(-0.358286927391382,-0.933611523954392,0.));
#2131=DIRECTION('',(0.933611523954392,-0.358286927391382,0.));
#2132=DIRECTION('',(-0.933611523954392,0.358286927391382,0.));
#2133=DIRECTION('',(0.,0.,-1.));
#2134=DIRECTION('',(-0.933611523954392,0.358286927391382,0.));
#2135=DIRECTION('',(0.,0.,-1.));
#2136=DIRECTION('',(-1.,0.,0.));
#2137=DIRECTION('',(0.,0.,-1.));
#2138=DIRECTION('',(-1.,0.,0.));
#2139=DIRECTION('',(0.,0.,-1.));
#2140=DIRECTION('',(0.,0.,-1.));
#2141=DIRECTION('',(-1.,0.,0.));
#2142=DIRECTION('',(0.,-1.,0.));
#2143=DIRECTION('',(0.,0.,-1.));
#2144=DIRECTION('',(-1.,0.,0.));
#2145=DIRECTION('',(0.,0.,-1.));
#2146=DIRECTION('',(-1.,0.,0.));
#2147=DIRECTION('',(0.,0.,-1.));
#2148=DIRECTION('',(-1.,0.,0.));
#2149=DIRECTION('',(0.,0.,-1.));
#2150=DIRECTION('',(-1.,0.,0.));
#2151=DIRECTION('',(0.,0.,-1.));
#2152=DIRECTION('',(0.,0.,-1.));
#2153=DIRECTION('',(-1.,0.,0.));
#2154=DIRECTION('',(0.707106781186635,-0.70710678118646,0.));
#2155=DIRECTION('',(0.70710678118646,0.707106781186635,0.));
#2156=DIRECTION('',(-0.70710678118646,-0.707106781186635,0.));
#2157=DIRECTION('',(0.,0.,-1.));
#2158=DIRECTION('',(-0.70710678118646,-0.707106781186635,0.));
#2159=DIRECTION('',(0.,0.,-1.));
#2160=DIRECTION('',(-1.,0.,0.));
#2161=DIRECTION('',(0.,0.,-1.));
#2162=DIRECTION('',(-1.,0.,0.));
#2163=DIRECTION('',(0.,0.,-1.));
#2164=DIRECTION('',(0.,0.,-1.));
#2165=DIRECTION('',(-1.,0.,0.));
#2166=DIRECTION('',(1.,0.,0.));
#2167=DIRECTION('',(0.,0.,-1.));
#2168=DIRECTION('',(0.,-1.,0.));
#2169=DIRECTION('',(0.,0.,-1.));
#2170=DIRECTION('',(0.,-1.,0.));
#2171=DIRECTION('',(0.,0.,-1.));
#2172=DIRECTION('',(-1.,0.,0.));
#2173=DIRECTION('',(0.,0.,-1.));
#2174=DIRECTION('',(-1.,0.,0.));
#2175=DIRECTION('',(0.,0.,-1.));
#2176=DIRECTION('',(0.,0.,-1.));
#2177=DIRECTION('',(-1.,0.,0.));
#2178=DIRECTION('',(0.707106781186577,0.707106781186518,0.));
#2179=DIRECTION('',(-0.707106781186518,0.707106781186577,0.));
#2180=DIRECTION('',(0.707106781186518,-0.707106781186577,0.));
#2181=DIRECTION('',(0.707106781186518,-0.707106781186577,0.));
#2182=DIRECTION('',(0.,0.,1.));
#2183=DIRECTION('',(1.,0.,0.));
#2184=DIRECTION('',(0.,0.,1.));
#2185=DIRECTION('',(1.,0.,0.));
#2186=DIRECTION('',(-0.707106781186548,0.707106781186548,0.));
#2187=DIRECTION('',(0.,0.,1.));
#2188=DIRECTION('',(1.,0.,0.));
#2189=DIRECTION('',(0.707106781186548,-0.707106781186548,0.));
#2190=DIRECTION('',(0.,0.,1.));
#2191=DIRECTION('',(1.,0.,0.));
#2192=DIRECTION('',(-0.707106781186548,0.707106781186548,0.));
#2193=DIRECTION('',(0.,0.,1.));
#2194=DIRECTION('',(1.,0.,0.));
#2195=DIRECTION('',(0.707106781186548,-0.707106781186548,0.));
#2196=DIRECTION('',(0.,0.,1.));
#2197=DIRECTION('',(1.,0.,0.));
#2198=DIRECTION('',(0.707106781186548,0.707106781186548,0.));
#2199=DIRECTION('',(-0.707106781186548,0.707106781186548,0.));
#2200=DIRECTION('',(0.,0.,-1.));
#2201=DIRECTION('',(0.,0.,-1.));
#2202=DIRECTION('',(0.,0.,-1.));
#2203=DIRECTION('',(-1.,0.,0.));
#2204=DIRECTION('',(0.,0.,-1.));
#2205=DIRECTION('',(-0.707106781186548,-0.707106781186548,0.));
#2206=DIRECTION('',(0.707106781186548,-0.707106781186548,0.));
#2207=DIRECTION('',(0.,0.,-1.));
#2208=DIRECTION('',(0.,0.,-1.));
#2209=DIRECTION('',(-1.,0.,0.));
#2210=CARTESIAN_POINT('',(0.,0.,0.));
#2211=CARTESIAN_POINT('',(-0.06391288015576,0.051241572770127,0.012));
#2212=CARTESIAN_POINT('',(-0.0681467185267151,0.0554754111410819,0.012));
#2213=CARTESIAN_POINT('',(-0.0681467185267151,0.0554754111410819,0.012));
#2214=CARTESIAN_POINT('',(-0.0681467185267151,0.0554754111410819,0.00870005075199815));
#2215=CARTESIAN_POINT('',(-0.06391288015576,0.051241572770127,0.00870005075199817));
#2216=CARTESIAN_POINT('',(-0.0683503738337948,0.0552614514449336,0.00870005075199815));
#2217=CARTESIAN_POINT('',(-0.0683503738337948,0.0552614514449336,0.012));
#2218=CARTESIAN_POINT('',(-0.0683503738337948,0.0552614514449336,0.00200005075200051));
#2219=CARTESIAN_POINT('',(-0.06391288015576,0.051241572770127,0.00200005075200053));
#2220=CARTESIAN_POINT('',(-0.0681467185267151,0.0554754111410819,0.00200005075200051));
#2221=CARTESIAN_POINT('',(-0.0681467185267151,0.0554754111410819,0.012));
#2222=CARTESIAN_POINT('',(-0.0681467185267151,0.0554754111410819,-0.01));
#2223=CARTESIAN_POINT('',(-0.06391288015576,0.051241572770127,-0.01));
#2224=CARTESIAN_POINT('',(-0.069900431800862,0.051241572770127,-0.01));
#2225=CARTESIAN_POINT('',(-0.069900431800862,0.051241572770127,0.012));
#2226=CARTESIAN_POINT('',(-0.069900431800862,0.051241572770127,0.012));
#2227=CARTESIAN_POINT('',(-0.06391288015576,0.051241572770127,0.012));
#2228=CARTESIAN_POINT('',(-0.0578740569598814,0.0657480727079162,0.012));
#2229=CARTESIAN_POINT('',(-0.0583146097354811,0.0653075199323164,0.012));
#2230=CARTESIAN_POINT('',(-0.0583146097354811,0.0653075199323164,0.00200005075200046));
#2231=CARTESIAN_POINT('',(-0.0583146097354811,0.0653075199323164,0.0087000507519981));
#2232=CARTESIAN_POINT('',(-0.0578740569598814,0.0657480727079161,0.0087000507519981));
#2233=CARTESIAN_POINT('',(-0.0578740569598814,0.0657480727079162,0.012));
#2234=CARTESIAN_POINT('',(-0.0476013953930464,0.0760207342747492,0.012));
#2235=CARTESIAN_POINT('',(-0.0476013953930464,0.0760207342747492,0.012));
#2236=CARTESIAN_POINT('',(-0.0476013953930464,0.0760207342747492,0.00870005075199899));
#2237=CARTESIAN_POINT('',(-0.0578740569598814,0.0657480727079162,0.00870005075199899));
#2238=CARTESIAN_POINT('',(-0.0573065039302844,0.0663156257375131,0.00870005075199899));
#2239=CARTESIAN_POINT('',(-0.0573065039302844,0.0663156257375131,0.012));
#2240=CARTESIAN_POINT('',(-0.0573065039302844,0.0663156257375131,0.00200005075199959));
#2241=CARTESIAN_POINT('',(-0.0578740569598814,0.0657480727079162,0.00200005075199959));
#2242=CARTESIAN_POINT('',(-0.0476013953930464,0.0760207342747492,0.00200005075199959));
#2243=CARTESIAN_POINT('',(-0.0476013953930464,0.0760207342747492,0.012));
#2244=CARTESIAN_POINT('',(-0.0476013953930464,0.0760207342747492,-0.01));
#2245=CARTESIAN_POINT('',(-0.0578740569598814,0.0657480727079162,-0.01));
#2246=CARTESIAN_POINT('',(-0.0578740569598814,0.0657480727079161,0.00200005075200046));
#2247=CARTESIAN_POINT('',(-0.04336755702209,0.071786895903793,0.012));
#2248=CARTESIAN_POINT('',(-0.0472522492964105,0.0763432036893358,0.012));
#2249=CARTESIAN_POINT('',(-0.0472522492964105,0.0763432036893358,0.00200005075199959));
#2250=CARTESIAN_POINT('',(-0.0472522492964105,0.0763432036893358,0.00870005075199899));
#2251=CARTESIAN_POINT('',(-0.04336755702209,0.071786895903793,0.00870005075199901));
#2252=CARTESIAN_POINT('',(-0.04336755702209,0.071786895903793,0.012));
#2253=CARTESIAN_POINT('',(-0.04336755677021,0.077774447548895,0.012));
#2254=CARTESIAN_POINT('',(-0.04336755677021,0.077774447548895,0.012));
#2255=CARTESIAN_POINT('',(-0.04336755677021,0.077774447548895,-0.01));
#2256=CARTESIAN_POINT('',(-0.04336755702209,0.071786895903793,-0.01));
#2257=CARTESIAN_POINT('',(-0.04336755702209,0.071786895903793,0.00200005075199961));
#2258=CARTESIAN_POINT('',(-0.04336755702209,0.071786895903793,0.012));
#2259=CARTESIAN_POINT('',(-0.04336755702209,0.071786895903793,0.00870005075199901));
#2260=CARTESIAN_POINT('',(-0.0458313058764529,0.0749222602693782,0.00870005075199899));
#2261=CARTESIAN_POINT('',(-0.0461871818306757,0.0746065207123761,0.00870005075199899));
#2262=CARTESIAN_POINT('',(-0.0458313058764529,0.0749222602693782,0.012));
#2263=CARTESIAN_POINT('',(-0.0458313058764529,0.0749222602693782,0.0020000507519996));
#2264=CARTESIAN_POINT('',(-0.04336755702209,0.071786895903793,0.00200005075199961));
#2265=CARTESIAN_POINT('',(-0.0461871818306757,0.0746065207123761,0.0020000507519996));
#2266=CARTESIAN_POINT('',(-0.0461871818306733,0.0746065207123761,0.012));
#2267=CARTESIAN_POINT('',(-0.0461871818306733,0.0746065207123761,-0.006));
#2268=CARTESIAN_POINT('',(-0.04336755702209,0.071786895903793,-0.006));
#2269=CARTESIAN_POINT('',(-0.04336755702209,0.075774447548895,-0.006));
#2270=CARTESIAN_POINT('',(-0.04336755702209,0.075774447548895,0.012));
#2271=CARTESIAN_POINT('',(-0.04336755702209,0.075774447548895,0.012));
#2272=CARTESIAN_POINT('',(-0.04336755702209,0.071786895903793,0.012));
#2273=CARTESIAN_POINT('',(-0.0461871818306733,0.0746065207123761,0.012));
#2274=CARTESIAN_POINT('',(-0.0461871818306733,0.0746065207123761,0.012));
#2275=CARTESIAN_POINT('',(-0.0564598433975082,0.0643338591455431,0.012));
#2276=CARTESIAN_POINT('',(-0.0564598433975082,0.0643338591455431,0.00870005075199811));
#2277=CARTESIAN_POINT('',(-0.056900396173108,0.0638933063699433,0.00870005075199811));
#2278=CARTESIAN_POINT('',(-0.0667325049643433,0.0540611975787101,0.00870005075199816));
#2279=CARTESIAN_POINT('',(-0.056900396173108,0.0638933063699433,0.012));
#2280=CARTESIAN_POINT('',(-0.056900396173108,0.0638933063699433,0.00200005075200047));
#2281=CARTESIAN_POINT('',(-0.0564598433975083,0.0643338591455431,0.00200005075200047));
#2282=CARTESIAN_POINT('',(-0.0667325049643433,0.0540611975787101,0.00200005075200052));
#2283=CARTESIAN_POINT('',(-0.066732504964342,0.0540611975787088,0.012));
#2284=CARTESIAN_POINT('',(-0.066732504964342,0.0540611975787088,-0.006));
#2285=CARTESIAN_POINT('',(-0.0564598433975082,0.0643338591455431,-0.006));
#2286=CARTESIAN_POINT('',(-0.0564598433975082,0.0643338591455431,0.0020000507519996));
#2287=CARTESIAN_POINT('',(-0.0558922903679113,0.06490141217514,0.0020000507519996));
#2288=CARTESIAN_POINT('',(-0.0558922903679113,0.0649014121751401,0.012));
#2289=CARTESIAN_POINT('',(-0.0558922903679113,0.06490141217514,0.00870005075199899));
#2290=CARTESIAN_POINT('',(-0.0564598433975082,0.0643338591455431,0.00870005075199899));
#2291=CARTESIAN_POINT('',(-0.0564598433975082,0.0643338591455431,0.012));
#2292=CARTESIAN_POINT('',(-0.066732504964342,0.0540611975787088,0.012));
#2293=CARTESIAN_POINT('',(-0.066732504964342,0.0540611975787088,0.012));
#2294=CARTESIAN_POINT('',(-0.0639128801557601,0.0512415727701271,0.012));
#2295=CARTESIAN_POINT('',(-0.0639128801557601,0.0512415727701271,0.00870005075199817));
#2296=CARTESIAN_POINT('',(-0.0669335702097663,0.0538446478209051,0.00870005075199816));
#2297=CARTESIAN_POINT('',(-0.0639128801557601,0.0512415727701271,0.012));
#2298=CARTESIAN_POINT('',(-0.067900431800862,0.051241572770127,0.012));
#2299=CARTESIAN_POINT('',(-0.067900431800862,0.051241572770127,0.012));
#2300=CARTESIAN_POINT('',(-0.067900431800862,0.051241572770127,-0.006));
#2301=CARTESIAN_POINT('',(-0.0639128801557601,0.0512415727701271,-0.006));
#2302=CARTESIAN_POINT('',(-0.0639128801557601,0.0512415727701271,0.00200005075200053));
#2303=CARTESIAN_POINT('',(-0.0669335702097663,0.053844647820905,0.00200005075200052));
#2304=CARTESIAN_POINT('',(-0.0669335702097663,0.0538446478209051,0.012));
#2305=CARTESIAN_POINT('',(-0.01060755092812,0.071786895903793,0.012));
#2306=CARTESIAN_POINT('',(-0.00637371255716352,0.0760207342747491,0.012));
#2307=CARTESIAN_POINT('',(-0.00637371255716352,0.0760207342747491,0.012));
#2308=CARTESIAN_POINT('',(-0.00637371255716352,0.0760207342747491,-0.01));
#2309=CARTESIAN_POINT('',(-0.01060755092812,0.071786895903793,-0.01));
#2310=CARTESIAN_POINT('',(-0.01060755118,0.077774447548895,-0.01));
#2311=CARTESIAN_POINT('',(-0.01060755118,0.077774447548895,0.012));
#2312=CARTESIAN_POINT('',(-0.01060755118,0.077774447548895,0.012));
#2313=CARTESIAN_POINT('',(-0.01060755092812,0.071786895903793,0.012));
#2314=CARTESIAN_POINT('',(-0.00359406597636073,0.0732410876939459,0.012));
#2315=CARTESIAN_POINT('',(-0.000814419395557525,0.0704614411131431,0.012));
#2316=CARTESIAN_POINT('',(-0.000814419395557525,0.0704614411131431,0.012));
#2317=CARTESIAN_POINT('',(-0.000814419395557525,0.0704614411131431,-0.01));
#2318=CARTESIAN_POINT('',(-0.00359406597636073,0.0732410876939459,-0.01));
#2319=CARTESIAN_POINT('',(-0.00359406597636073,0.0732410876939459,0.012));
#2320=CARTESIAN_POINT('',(-0.00504825776651394,0.066227602742187,0.012));
#2321=CARTESIAN_POINT('',(0.00093929387858798,0.066227602742187,0.012));
#2322=CARTESIAN_POINT('',(0.00093929387858798,0.066227602742187,0.012));
#2323=CARTESIAN_POINT('',(0.00093929387858798,0.066227602742187,-0.01));
#2324=CARTESIAN_POINT('',(-0.00504825776651394,0.066227602742187,-0.01));
#2325=CARTESIAN_POINT('',(-0.00504825776651394,0.066227602742187,0.012));
#2326=CARTESIAN_POINT('',(0.00093929387858798,0.058039116078232,0.012));
#2327=CARTESIAN_POINT('',(0.00093929387858798,0.06262811531623,0.012));
#2328=CARTESIAN_POINT('',(0.000939293878587981,0.06262811531623,0.00163005074977795));
#2329=CARTESIAN_POINT('',(0.000939293878587981,0.06262811531623,0.00493005074977449));
#2330=CARTESIAN_POINT('',(0.00093929387858798,0.058039116078232,0.00163005074977795));
#2331=CARTESIAN_POINT('',(0.00093929387858798,0.052688115316232,0.00163005074977795));
#2332=CARTESIAN_POINT('',(0.00093929387858798,0.052688115316232,0.012));
#2333=CARTESIAN_POINT('',(0.000939293878587981,0.052688115316232,0.00493005074977449));
#2334=CARTESIAN_POINT('',(0.00093929387858798,0.058039116078232,0.00493005074977449));
#2335=CARTESIAN_POINT('',(0.000939293878588005,0.049850629414277,0.012));
#2336=CARTESIAN_POINT('',(0.000939293878588005,0.049850629414277,0.012));
#2337=CARTESIAN_POINT('',(0.000939293878588005,0.049850629414277,-0.01));
#2338=CARTESIAN_POINT('',(0.00093929387858798,0.058039116078232,-0.01));
#2339=CARTESIAN_POINT('',(0.00093929387858798,0.058039116078232,0.012));
#2340=CARTESIAN_POINT('',(-0.00504825776651398,0.049850629414277,0.012));
#2341=CARTESIAN_POINT('',(-0.000814419395557494,0.0456167910433215,0.012));
#2342=CARTESIAN_POINT('',(-0.000814419395557494,0.0456167910433215,0.012));
#2343=CARTESIAN_POINT('',(-0.000814419395557494,0.0456167910433215,-0.01));
#2344=CARTESIAN_POINT('',(-0.00504825776651398,0.049850629414277,-0.01));
#2345=CARTESIAN_POINT('',(-0.00504825776651398,0.049850629414277,0.012));
#2346=CARTESIAN_POINT('',(-0.00384806648436062,0.0425831439545176,0.012));
#2347=CARTESIAN_POINT('',(-0.00688171357316318,0.0395494968657132,0.012));
#2348=CARTESIAN_POINT('',(-0.00688171357316318,0.0395494968657132,0.012));
#2349=CARTESIAN_POINT('',(-0.00688171357316318,0.0395494968657132,-0.01));
#2350=CARTESIAN_POINT('',(-0.00384806648436062,0.0425831439545176,-0.01));
#2351=CARTESIAN_POINT('',(-0.00384806648436062,0.0425831439545176,0.012));
#2352=CARTESIAN_POINT('',(-0.01111555194412,0.043783335236669,0.012));
#2353=CARTESIAN_POINT('',(-0.01111555194412,0.0377957835915671,0.012));
#2354=CARTESIAN_POINT('',(-0.01111555194412,0.0377957835915671,0.012));
#2355=CARTESIAN_POINT('',(-0.01111555194412,0.0377957835915671,-0.01));
#2356=CARTESIAN_POINT('',(-0.01111555194412,0.043783335236669,-0.01));
#2357=CARTESIAN_POINT('',(-0.01111555194412,0.043783335236669,0.012));
#2358=CARTESIAN_POINT('',(-0.0345752262297,0.0377957835915671,0.012));
#2359=CARTESIAN_POINT('',(-0.012429034798071,0.0377957835915671,0.012));
#2360=CARTESIAN_POINT('',(-0.012429034798071,0.0377957835915671,0.00163005074977795));
#2361=CARTESIAN_POINT('',(-0.012429034798071,0.0377957835915671,0.00493005074977449));
#2362=CARTESIAN_POINT('',(-0.0345752262297,0.0377957835915671,0.00163005074977795));
#2363=CARTESIAN_POINT('',(-0.022369034798069,0.0377957835915671,0.00163005074977795));
#2364=CARTESIAN_POINT('',(-0.022369034798069,0.0377957835915671,0.012));
#2365=CARTESIAN_POINT('',(-0.022369034798069,0.0377957835915671,0.00493005074977449));
#2366=CARTESIAN_POINT('',(-0.0345752262297,0.0377957835915671,0.00493005074977449));
#2367=CARTESIAN_POINT('',(-0.0349080797561615,0.0377957835915671,0.012));
#2368=CARTESIAN_POINT('',(-0.0349080797561615,0.0377957835915671,0.00163005074977795));
#2369=CARTESIAN_POINT('',(-0.0349080797561615,0.0377957835915671,0.00493005074977449));
#2370=CARTESIAN_POINT('',(-0.0345752262297,0.0377957835915671,0.00163005074977795));
#2371=CARTESIAN_POINT('',(-0.0448480797561585,0.0377957835915671,0.00163005074977795));
#2372=CARTESIAN_POINT('',(-0.0448480797561585,0.0377957835915671,0.012));
#2373=CARTESIAN_POINT('',(-0.0448480797561585,0.0377957835915671,0.00493005074977449));
#2374=CARTESIAN_POINT('',(-0.0345752262297,0.0377957835915671,0.00493005074977449));
#2375=CARTESIAN_POINT('',(-0.05803490051528,0.037795783591566,0.012));
#2376=CARTESIAN_POINT('',(-0.05803490051528,0.037795783591566,0.012));
#2377=CARTESIAN_POINT('',(-0.05803490051528,0.037795783591566,-0.01));
#2378=CARTESIAN_POINT('',(-0.0345752262297,0.0377957835915671,-0.01));
#2379=CARTESIAN_POINT('',(-0.0345752262297,0.0377957835915671,0.012));
#2380=CARTESIAN_POINT('',(-0.05803490051528,0.0437833444820801,0.012));
#2381=CARTESIAN_POINT('',(-0.0602254245356457,0.0382108683777065,0.012));
#2382=CARTESIAN_POINT('',(-0.0602254245356457,0.0382108683777065,0.012));
#2383=CARTESIAN_POINT('',(-0.0602254245356457,0.0382108683777065,-0.01));
#2384=CARTESIAN_POINT('',(-0.05803490051528,0.0437833444820801,-0.01));
#2385=CARTESIAN_POINT('',(-0.05803490051528,0.0437833444820801,0.012));
#2386=CARTESIAN_POINT('',(-0.0650629281682529,0.040067330373195,0.012));
#2387=CARTESIAN_POINT('',(-0.06990043180086,0.0419237923686836,0.012));
#2388=CARTESIAN_POINT('',(-0.06990043180086,0.0419237923686836,0.012));
#2389=CARTESIAN_POINT('',(-0.06990043180086,0.0419237923686836,-0.01));
#2390=CARTESIAN_POINT('',(-0.0650629281682529,0.040067330373195,-0.01));
#2391=CARTESIAN_POINT('',(-0.0650629281682529,0.040067330373195,0.012));
#2392=CARTESIAN_POINT('',(-0.06990043180086,0.0465826825694053,0.012));
#2393=CARTESIAN_POINT('',(-0.06990043180086,0.0465826825694053,-0.01));
#2394=CARTESIAN_POINT('',(-0.06990043180086,0.0465826825694053,0.012));
#2395=CARTESIAN_POINT('',(-0.00504825776651401,0.049850629414277,0.012));
#2396=CARTESIAN_POINT('',(-0.00106070612141202,0.049850629414277,0.012));
#2397=CARTESIAN_POINT('',(-0.00106070612141202,0.049850629414277,0.012));
#2398=CARTESIAN_POINT('',(-0.00106070612141202,0.049850629414277,-0.006));
#2399=CARTESIAN_POINT('',(-0.00504825776651401,0.049850629414277,-0.006));
#2400=CARTESIAN_POINT('',(-0.00222863295793077,0.0470310046056945,-0.006));
#2401=CARTESIAN_POINT('',(-0.00222863295793077,0.0470310046056945,0.012));
#2402=CARTESIAN_POINT('',(-0.00222863295793077,0.0470310046056945,0.012));
#2403=CARTESIAN_POINT('',(-0.00504825776651401,0.049850629414277,0.012));
#2404=CARTESIAN_POINT('',(-0.00106070612141202,0.058039116078232,0.012));
#2405=CARTESIAN_POINT('',(-0.00106070612141202,0.058039116078232,0.00163005074977796));
#2406=CARTESIAN_POINT('',(-0.00106070612141202,0.052688115316232,0.00163005074977795));
#2407=CARTESIAN_POINT('',(-0.00106070612141202,0.06262811531623,0.00163005074977796));
#2408=CARTESIAN_POINT('',(-0.00106070612141202,0.06262811531623,0.012));
#2409=CARTESIAN_POINT('',(-0.00106070612141202,0.06262811531623,0.0049300507497745));
#2410=CARTESIAN_POINT('',(-0.00106070612141202,0.058039116078232,0.0049300507497745));
#2411=CARTESIAN_POINT('',(-0.00106070612141202,0.052688115316232,0.0049300507497745));
#2412=CARTESIAN_POINT('',(-0.00106070612141202,0.052688115316232,0.012));
#2413=CARTESIAN_POINT('',(-0.00106070612141202,0.066227602742187,0.012));
#2414=CARTESIAN_POINT('',(-0.00106070612141202,0.066227602742187,0.012));
#2415=CARTESIAN_POINT('',(-0.00106070612141202,0.066227602742187,-0.006));
#2416=CARTESIAN_POINT('',(-0.00106070612141202,0.058039116078232,-0.006));
#2417=CARTESIAN_POINT('',(-0.00106070612141202,0.058039116078232,0.012));
#2418=CARTESIAN_POINT('',(-0.00504825776651401,0.066227602742187,0.012));
#2419=CARTESIAN_POINT('',(-0.00222863295793068,0.0690472275507701,0.012));
#2420=CARTESIAN_POINT('',(-0.00222863295793068,0.0690472275507701,0.012));
#2421=CARTESIAN_POINT('',(-0.00222863295793068,0.0690472275507701,-0.006));
#2422=CARTESIAN_POINT('',(-0.00504825776651401,0.066227602742187,-0.006));
#2423=CARTESIAN_POINT('',(-0.00504825776651401,0.066227602742187,0.012));
#2424=CARTESIAN_POINT('',(-0.00500827953873389,0.0718268741315729,0.012));
#2425=CARTESIAN_POINT('',(-0.00778792611953677,0.074606520712376,0.012));
#2426=CARTESIAN_POINT('',(-0.00778792611953677,0.074606520712376,0.012));
#2427=CARTESIAN_POINT('',(-0.00778792611953677,0.074606520712376,-0.006));
#2428=CARTESIAN_POINT('',(-0.00500827953873389,0.0718268741315729,-0.006));
#2429=CARTESIAN_POINT('',(-0.00500827953873389,0.0718268741315729,0.012));
#2430=CARTESIAN_POINT('',(-0.01060755092812,0.071786895903793,0.012));
#2431=CARTESIAN_POINT('',(-0.01060755092812,0.075774447548895,0.012));
#2432=CARTESIAN_POINT('',(-0.01060755092812,0.075774447548895,0.012));
#2433=CARTESIAN_POINT('',(-0.01060755092812,0.075774447548895,-0.006));
#2434=CARTESIAN_POINT('',(-0.01060755092812,0.071786895903793,-0.006));
#2435=CARTESIAN_POINT('',(-0.01060755092812,0.071786895903793,0.012));
#2436=CARTESIAN_POINT('',(-0.026987553975105,0.075774447548895,0.012));
#2437=CARTESIAN_POINT('',(-0.026987553975105,0.075774447548895,-0.006));
#2438=CARTESIAN_POINT('',(-0.026987553975105,0.075774447548895,0.012));
#2439=CARTESIAN_POINT('',(-0.06790043180086,0.0472700274191032,0.012));
#2440=CARTESIAN_POINT('',(-0.06790043180086,0.0432984820680793,0.012));
#2441=CARTESIAN_POINT('',(-0.06790043180086,0.0432984820680793,0.012));
#2442=CARTESIAN_POINT('',(-0.06790043180086,0.0432984820680793,-0.006));
#2443=CARTESIAN_POINT('',(-0.06790043180086,0.0472700274191032,-0.006));
#2444=CARTESIAN_POINT('',(-0.06790043180086,0.0472700274191032,0.012));
#2445=CARTESIAN_POINT('',(-0.0637004724677834,0.0416866869198756,0.012));
#2446=CARTESIAN_POINT('',(-0.0595005131347068,0.0400748917716718,0.012));
#2447=CARTESIAN_POINT('',(-0.0595005131347068,0.0400748917716718,0.012));
#2448=CARTESIAN_POINT('',(-0.0595005131347068,0.0400748917716718,-0.006));
#2449=CARTESIAN_POINT('',(-0.0637004724677834,0.0416866869198756,-0.006));
#2450=CARTESIAN_POINT('',(-0.0637004724677834,0.0416866869198756,0.012));
#2451=CARTESIAN_POINT('',(-0.05803490051528,0.04378334448208,0.012));
#2452=CARTESIAN_POINT('',(-0.05803490051528,0.039795783591566,0.012));
#2453=CARTESIAN_POINT('',(-0.05803490051528,0.039795783591566,0.012));
#2454=CARTESIAN_POINT('',(-0.05803490051528,0.039795783591566,-0.006));
#2455=CARTESIAN_POINT('',(-0.05803490051528,0.04378334448208,-0.006));
#2456=CARTESIAN_POINT('',(-0.05803490051528,0.04378334448208,0.012));
#2457=CARTESIAN_POINT('',(-0.0345752262297,0.0397957835915671,0.012));
#2458=CARTESIAN_POINT('',(-0.0345752262297,0.0397957835915671,0.00163005074977796));
#2459=CARTESIAN_POINT('',(-0.022369034798069,0.0397957835915671,0.00163005074977795));
#2460=CARTESIAN_POINT('',(-0.012429034798071,0.0397957835915671,0.00163005074977795));
#2461=CARTESIAN_POINT('',(-0.012429034798071,0.0397957835915671,0.012));
#2462=CARTESIAN_POINT('',(-0.012429034798071,0.0397957835915671,0.0049300507497745));
#2463=CARTESIAN_POINT('',(-0.0345752262297,0.0397957835915671,0.0049300507497745));
#2464=CARTESIAN_POINT('',(-0.022369034798069,0.0397957835915671,0.0049300507497745));
#2465=CARTESIAN_POINT('',(-0.022369034798069,0.0397957835915671,0.012));
#2466=CARTESIAN_POINT('',(-0.0345752262297,0.0397957835915671,0.00163005074977795));
#2467=CARTESIAN_POINT('',(-0.0448480797561585,0.0397957835915671,0.00163005074977795));
#2468=CARTESIAN_POINT('',(-0.0349080797561615,0.0397957835915671,0.00163005074977795));
#2469=CARTESIAN_POINT('',(-0.0349080797561615,0.0397957835915671,0.012));
#2470=CARTESIAN_POINT('',(-0.0349080797561615,0.0397957835915671,0.0049300507497745));
#2471=CARTESIAN_POINT('',(-0.0345752262297,0.0397957835915671,0.0049300507497745));
#2472=CARTESIAN_POINT('',(-0.0448480797561585,0.0397957835915671,0.0049300507497745));
#2473=CARTESIAN_POINT('',(-0.0448480797561585,0.0397957835915671,0.012));
#2474=CARTESIAN_POINT('',(-0.01111555194412,0.0397957835915671,0.012));
#2475=CARTESIAN_POINT('',(-0.01111555194412,0.0397957835915671,0.012));
#2476=CARTESIAN_POINT('',(-0.01111555194412,0.0397957835915671,-0.006));
#2477=CARTESIAN_POINT('',(-0.0345752262297,0.0397957835915671,-0.006));
#2478=CARTESIAN_POINT('',(-0.0345752262297,0.0397957835915671,0.012));
#2479=CARTESIAN_POINT('',(-0.01111555194412,0.043783335236669,0.012));
#2480=CARTESIAN_POINT('',(-0.00829592713553645,0.0409637104280862,0.012));
#2481=CARTESIAN_POINT('',(-0.00829592713553645,0.0409637104280862,0.012));
#2482=CARTESIAN_POINT('',(-0.00829592713553645,0.0409637104280862,-0.006));
#2483=CARTESIAN_POINT('',(-0.01111555194412,0.043783335236669,-0.006));
#2484=CARTESIAN_POINT('',(-0.01111555194412,0.043783335236669,0.012));
#2485=CARTESIAN_POINT('',(-0.00526228004673389,0.0439973575168906,0.012));
#2486=CARTESIAN_POINT('',(-0.00526228004673389,0.0439973575168906,-0.006));
#2487=CARTESIAN_POINT('',(-0.00526228004673389,0.0439973575168906,0.012));
#2488=CARTESIAN_POINT('',(-0.026987553975105,0.077774447548895,0.012));
#2489=CARTESIAN_POINT('',(-0.026987553975105,0.077774447548895,-0.01));
#2490=CARTESIAN_POINT('',(-0.026987553975105,0.077774447548895,0.012));
#2491=CARTESIAN_POINT('',(-0.034480568961137,0.0577851155702305,0.012));
#2492=CARTESIAN_POINT('',(-0.034480568961137,0.0577851155702305,-0.006));
#2493=CARTESIAN_POINT('',(-0.006988752857506,0.06629787100722,-0.006));
#2494=CARTESIAN_POINT('',(-0.00582131722689525,0.0674653066378303,-0.006));
#2495=CARTESIAN_POINT('',(-0.00815618848811602,0.06513043537661,-0.006));
#2496=CARTESIAN_POINT('',(-0.0176457188214363,0.0746199657099312,-0.006));
#2497=CARTESIAN_POINT('',(-0.01176821816473,0.068742465053225,-0.006));
#2498=CARTESIAN_POINT('',(-0.01060078253412,0.069909900683835,-0.006));
#2499=CARTESIAN_POINT('',(-0.00943334690350949,0.0710773363144455,-0.006));
#2500=CARTESIAN_POINT('',(-0.0153108475602163,0.0769548369711512,-0.006));
#2501=CARTESIAN_POINT('',(-0.034480568961137,0.0577851155702305,-0.01));
#2502=CARTESIAN_POINT('',(-0.0176457188214363,0.0746199657099312,-0.01));
#2503=CARTESIAN_POINT('',(-0.00815618848811602,0.06513043537661,-0.01));
#2504=CARTESIAN_POINT('',(-0.0117682181647305,0.0687424650532245,-0.01));
#2505=CARTESIAN_POINT('',(-0.006988752857506,0.06629787100722,-0.01));
#2506=CARTESIAN_POINT('',(-0.00582131722689525,0.0674653066378303,-0.01));
#2507=CARTESIAN_POINT('',(-0.0153108475602163,0.0769548369711512,-0.01));
#2508=CARTESIAN_POINT('',(-0.00943334690350973,0.0710773363144453,-0.01));
#2509=CARTESIAN_POINT('',(-0.01060078253412,0.069909900683835,-0.01));
#2510=CARTESIAN_POINT('',(-0.0707437931924339,0.0777367033892693,0.00535005075199922));
#2511=CARTESIAN_POINT('',(-0.0707437931924339,0.0777367033892693,0.0020000507520004));
#2512=CARTESIAN_POINT('',(-0.0707437931924339,0.0777367033892693,0.00870005075199804));
#2513=CARTESIAN_POINT('',(-0.0807847094852822,0.067695787096421,0.00535005075199927));
#2514=CARTESIAN_POINT('',(-0.0807847094852822,0.067695787096421,0.00870005075199809));
#2515=CARTESIAN_POINT('',(-0.0807847094852822,0.067695787096421,0.00200005075200045));
#2516=CARTESIAN_POINT('',(-0.0757642513388581,0.0727162452428451,0.00870005075199807));
#2517=CARTESIAN_POINT('',(-0.0757642513388581,0.0727162452428451,0.00200005075200043));
#2518=CARTESIAN_POINT('',(-0.059694771094389,0.0887857254873143,0.00535005075199922));
#2519=CARTESIAN_POINT('',(-0.059694771094389,0.0887857254873142,0.00200005075199953));
#2520=CARTESIAN_POINT('',(-0.059694771094389,0.0887857254873143,0.00870005075199892));
#2521=CARTESIAN_POINT('',(-0.0697356873872372,0.078744809194466,0.00535005075199922));
#2522=CARTESIAN_POINT('',(-0.0697356873872373,0.078744809194466,0.00870005075199892));
#2523=CARTESIAN_POINT('',(-0.0697356873872372,0.0787448091944659,0.00200005075199953));
#2524=CARTESIAN_POINT('',(-0.0647152292408131,0.0837652673408901,0.00870005075199892));
#2525=CARTESIAN_POINT('',(-0.0647152292408131,0.0837652673408901,0.00200005075199953));
#2526=CARTESIAN_POINT('',(-0.0349080797561615,0.015857091692926,0.00328005074977615));
#2527=CARTESIAN_POINT('',(-0.0349080797561615,0.015857091692926,0.00493005074977441));
#2528=CARTESIAN_POINT('',(-0.0349080797561615,0.015857091692926,0.00163005074977787));
#2529=CARTESIAN_POINT('',(-0.03987807975616,0.015857091692926,0.00493005074977441));
#2530=CARTESIAN_POINT('',(-0.0448480797561585,0.015857091692926,0.00493005074977441));
#2531=CARTESIAN_POINT('',(-0.0448480797561585,0.015857091692926,0.00328005074977615));
#2532=CARTESIAN_POINT('',(-0.0448480797561585,0.015857091692926,0.00163005074977787));
#2533=CARTESIAN_POINT('',(-0.03987807975616,0.015857091692926,0.00163005074977787));
#2534=CARTESIAN_POINT('',(-0.012429034798071,0.015857091692926,0.00328005074977615));
#2535=CARTESIAN_POINT('',(-0.012429034798071,0.015857091692926,0.00493005074977441));
#2536=CARTESIAN_POINT('',(-0.012429034798071,0.015857091692926,0.00163005074977787));
#2537=CARTESIAN_POINT('',(-0.01739903479807,0.015857091692926,0.00493005074977441));
#2538=CARTESIAN_POINT('',(-0.022369034798069,0.015857091692926,0.00493005074977441));
#2539=CARTESIAN_POINT('',(-0.022369034798069,0.015857091692926,0.00328005074977615));
#2540=CARTESIAN_POINT('',(-0.022369034798069,0.015857091692926,0.00163005074977787));
#2541=CARTESIAN_POINT('',(-0.01739903479807,0.015857091692926,0.00163005074977787));
#2542=CARTESIAN_POINT('',(0.02313198628523,0.06262811531623,0.00328005074977615));
#2543=CARTESIAN_POINT('',(0.02313198628523,0.06262811531623,0.00493005074977441));
#2544=CARTESIAN_POINT('',(0.02313198628523,0.06262811531623,0.00163005074977787));
#2545=CARTESIAN_POINT('',(0.02313198628523,0.057658115316231,0.00493005074977441));
#2546=CARTESIAN_POINT('',(0.02313198628523,0.052688115316232,0.00493005074977441));
#2547=CARTESIAN_POINT('',(0.02313198628523,0.052688115316232,0.00328005074977614));
#2548=CARTESIAN_POINT('',(0.02313198628523,0.052688115316232,0.00163005074977787));
#2549=CARTESIAN_POINT('',(0.02313198628523,0.057658115316231,0.00163005074977787));
#2550=CARTESIAN_POINT('',(-0.01176821816473,0.068742465053225,0.018300050800102));
#2551=CARTESIAN_POINT('',(-0.00815618848811602,0.06513043537661,0.018300050800102));
#2552=CARTESIAN_POINT('',(-0.01176821816473,0.068742465053225,0.018300050800102));
#2553=CARTESIAN_POINT('',(-0.006988752857506,0.06629787100722,0.018300050800102));
#2554=CARTESIAN_POINT('',(-0.00582131722689525,0.0674653066378303,0.018300050800102));
#2555=CARTESIAN_POINT('',(-0.005821317226895,0.06746530663783,0.018300050800102));
#2556=CARTESIAN_POINT('',(-0.00943334690350973,0.0710773363144453,0.018300050800102));
#2557=CARTESIAN_POINT('',(-0.01060078253412,0.069909900683835,0.018300050800102));
#2558=CARTESIAN_POINT('',(0.,0.,0.));
#2559=CARTESIAN_POINT('',(-0.01060755092812,0.071786895903793,0.016));
#2560=CARTESIAN_POINT('',(-0.01060755092812,0.071786895903793,0.012));
#2561=CARTESIAN_POINT('',(-0.01060755118,0.077774447548895,0.012));
#2562=CARTESIAN_POINT('',(-0.00637371255716352,0.0760207342747491,0.012));
#2563=CARTESIAN_POINT('',(-0.01060755118,0.077774447548895,0.016));
#2564=CARTESIAN_POINT('',(-0.01060755118,0.077774447548895,0.016));
#2565=CARTESIAN_POINT('',(-0.01060755092812,0.071786895903793,0.016));
#2566=CARTESIAN_POINT('',(-0.00637371255716352,0.0760207342747491,0.016));
#2567=CARTESIAN_POINT('',(-0.00637371255716352,0.0760207342747491,0.016));
#2568=CARTESIAN_POINT('',(-0.026987553975105,0.077774447548895,0.016));
#2569=CARTESIAN_POINT('',(-0.026987553975105,0.077774447548895,0.012));
#2570=CARTESIAN_POINT('',(-0.04336755677021,0.077774447548895,0.012));
#2571=CARTESIAN_POINT('',(-0.04336755677021,0.077774447548895,0.016));
#2572=CARTESIAN_POINT('',(-0.04336755677021,0.077774447548895,0.016));
#2573=CARTESIAN_POINT('',(-0.026987553975105,0.077774447548895,0.016));
#2574=CARTESIAN_POINT('',(-0.04336755702209,0.071786895903793,0.016));
#2575=CARTESIAN_POINT('',(-0.04336755702209,0.071786895903793,0.012));
#2576=CARTESIAN_POINT('',(-0.0476013953930464,0.0760207342747492,0.012));
#2577=CARTESIAN_POINT('',(-0.0476013953930464,0.0760207342747492,0.016));
#2578=CARTESIAN_POINT('',(-0.0476013953930464,0.0760207342747492,0.016));
#2579=CARTESIAN_POINT('',(-0.04336755702209,0.071786895903793,0.016));
#2580=CARTESIAN_POINT('',(-0.0578740569598814,0.0657480727079162,0.016));
#2581=CARTESIAN_POINT('',(-0.0578740569598814,0.0657480727079162,0.012));
#2582=CARTESIAN_POINT('',(-0.0681467185267151,0.0554754111410819,0.012));
#2583=CARTESIAN_POINT('',(-0.0681467185267151,0.0554754111410819,0.016));
#2584=CARTESIAN_POINT('',(-0.0681467185267151,0.0554754111410819,0.016));
#2585=CARTESIAN_POINT('',(-0.0578740569598814,0.0657480727079162,0.016));
#2586=CARTESIAN_POINT('',(-0.06391288015576,0.051241572770127,0.016));
#2587=CARTESIAN_POINT('',(-0.06391288015576,0.051241572770127,0.012));
#2588=CARTESIAN_POINT('',(-0.069900431800862,0.051241572770127,0.012));
#2589=CARTESIAN_POINT('',(-0.069900431800862,0.051241572770127,0.016));
#2590=CARTESIAN_POINT('',(-0.069900431800862,0.051241572770127,0.016));
#2591=CARTESIAN_POINT('',(-0.06391288015576,0.051241572770127,0.016));
#2592=CARTESIAN_POINT('',(-0.06990043180086,0.0465826825694053,0.016));
#2593=CARTESIAN_POINT('',(-0.06990043180086,0.0465826825694053,0.012));
#2594=CARTESIAN_POINT('',(-0.06990043180086,0.0419237923686836,0.012));
#2595=CARTESIAN_POINT('',(-0.06990043180086,0.0419237923686836,0.016));
#2596=CARTESIAN_POINT('',(-0.06990043180086,0.0419237923686836,0.016));
#2597=CARTESIAN_POINT('',(-0.06990043180086,0.0465826825694053,0.016));
#2598=CARTESIAN_POINT('',(-0.0650629281682529,0.040067330373195,0.016));
#2599=CARTESIAN_POINT('',(-0.0650629281682529,0.040067330373195,0.012));
#2600=CARTESIAN_POINT('',(-0.0602254245356457,0.0382108683777065,0.012));
#2601=CARTESIAN_POINT('',(-0.0602254245356457,0.0382108683777065,0.016));
#2602=CARTESIAN_POINT('',(-0.0602254245356457,0.0382108683777065,0.016));
#2603=CARTESIAN_POINT('',(-0.0650629281682529,0.040067330373195,0.016));
#2604=CARTESIAN_POINT('',(-0.05803490051528,0.0437833444820801,0.016));
#2605=CARTESIAN_POINT('',(-0.05803490051528,0.0437833444820801,0.012));
#2606=CARTESIAN_POINT('',(-0.05803490051528,0.037795783591566,0.012));
#2607=CARTESIAN_POINT('',(-0.05803490051528,0.037795783591566,0.016));
#2608=CARTESIAN_POINT('',(-0.05803490051528,0.037795783591566,0.016));
#2609=CARTESIAN_POINT('',(-0.05803490051528,0.0437833444820801,0.016));
#2610=CARTESIAN_POINT('',(-0.0345752262297,0.0377957835915671,0.016));
#2611=CARTESIAN_POINT('',(-0.0345752262297,0.0377957835915671,0.012));
#2612=CARTESIAN_POINT('',(-0.01111555194412,0.0377957835915671,0.012));
#2613=CARTESIAN_POINT('',(-0.01111555194412,0.0377957835915671,0.016));
#2614=CARTESIAN_POINT('',(-0.01111555194412,0.0377957835915671,0.016));
#2615=CARTESIAN_POINT('',(-0.0345752262297,0.0377957835915671,0.016));
#2616=CARTESIAN_POINT('',(-0.01111555194412,0.043783335236669,0.016));
#2617=CARTESIAN_POINT('',(-0.01111555194412,0.043783335236669,0.012));
#2618=CARTESIAN_POINT('',(-0.00688171357316318,0.0395494968657132,0.012));
#2619=CARTESIAN_POINT('',(-0.00688171357316318,0.0395494968657132,0.016));
#2620=CARTESIAN_POINT('',(-0.00688171357316318,0.0395494968657132,0.016));
#2621=CARTESIAN_POINT('',(-0.01111555194412,0.043783335236669,0.016));
#2622=CARTESIAN_POINT('',(-0.00384806648436062,0.0425831439545176,0.016));
#2623=CARTESIAN_POINT('',(-0.00384806648436062,0.0425831439545176,0.012));
#2624=CARTESIAN_POINT('',(-0.000814419395557494,0.0456167910433215,0.012));
#2625=CARTESIAN_POINT('',(-0.000814419395557494,0.0456167910433215,0.016));
#2626=CARTESIAN_POINT('',(-0.000814419395557494,0.0456167910433215,0.016));
#2627=CARTESIAN_POINT('',(-0.00384806648436062,0.0425831439545176,0.016));
#2628=CARTESIAN_POINT('',(-0.00504825776651398,0.049850629414277,0.016));
#2629=CARTESIAN_POINT('',(-0.00504825776651398,0.049850629414277,0.012));
#2630=CARTESIAN_POINT('',(0.000939293878588005,0.049850629414277,0.012));
#2631=CARTESIAN_POINT('',(0.000939293878588005,0.049850629414277,0.016));
#2632=CARTESIAN_POINT('',(0.000939293878588005,0.049850629414277,0.016));
#2633=CARTESIAN_POINT('',(-0.00504825776651398,0.049850629414277,0.016));
#2634=CARTESIAN_POINT('',(0.00093929387858798,0.058039116078232,0.016));
#2635=CARTESIAN_POINT('',(0.00093929387858798,0.058039116078232,0.012));
#2636=CARTESIAN_POINT('',(0.00093929387858798,0.066227602742187,0.012));
#2637=CARTESIAN_POINT('',(0.00093929387858798,0.066227602742187,0.016));
#2638=CARTESIAN_POINT('',(0.00093929387858798,0.066227602742187,0.016));
#2639=CARTESIAN_POINT('',(0.00093929387858798,0.058039116078232,0.016));
#2640=CARTESIAN_POINT('',(-0.00504825776651394,0.066227602742187,0.016));
#2641=CARTESIAN_POINT('',(-0.00504825776651394,0.066227602742187,0.012));
#2642=CARTESIAN_POINT('',(-0.000814419395557525,0.0704614411131431,0.012));
#2643=CARTESIAN_POINT('',(-0.000814419395557525,0.0704614411131431,0.016));
#2644=CARTESIAN_POINT('',(-0.000814419395557525,0.0704614411131431,0.016));
#2645=CARTESIAN_POINT('',(-0.00504825776651394,0.066227602742187,0.016));
#2646=CARTESIAN_POINT('',(-0.00359406597636073,0.0732410876939459,0.016));
#2647=CARTESIAN_POINT('',(-0.00359406597636073,0.0732410876939459,0.012));
#2648=CARTESIAN_POINT('',(-0.00359406597636073,0.0732410876939459,0.016));
#2649=CARTESIAN_POINT('',(-0.034480568961137,0.0577851155702305,0.016));
#2650=CARTESIAN_POINT('',(-0.006988752857506,0.06629787100722,0.016));
#2651=CARTESIAN_POINT('',(-0.00582131722689525,0.0674653066378303,0.016));
#2652=CARTESIAN_POINT('',(-0.00815618848811602,0.06513043537661,0.016));
#2653=CARTESIAN_POINT('',(-0.0176457188214363,0.0746199657099312,0.016));
#2654=CARTESIAN_POINT('',(-0.01176821816473,0.068742465053225,0.016));
#2655=CARTESIAN_POINT('',(-0.01060078253412,0.069909900683835,0.016));
#2656=CARTESIAN_POINT('',(-0.00943334690350949,0.0710773363144455,0.016));
#2657=CARTESIAN_POINT('',(-0.0153108475602163,0.0769548369711512,0.016));
#2658=CARTESIAN_POINT('',(-0.034480568961137,0.0577851155702305,0.012));
#2659=CARTESIAN_POINT('',(-0.0176457188214363,0.0746199657099312,0.012));
#2660=CARTESIAN_POINT('',(-0.00815618848811602,0.06513043537661,0.012));
#2661=CARTESIAN_POINT('',(-0.0117682181647305,0.0687424650532245,0.012));
#2662=CARTESIAN_POINT('',(-0.006988752857506,0.06629787100722,0.012));
#2663=CARTESIAN_POINT('',(-0.00582131722689525,0.0674653066378303,0.012));
#2664=CARTESIAN_POINT('',(-0.0153108475602163,0.0769548369711512,0.012));
#2665=CARTESIAN_POINT('',(-0.00943334690350973,0.0710773363144453,0.012));
#2666=CARTESIAN_POINT('',(-0.01060078253412,0.069909900683835,0.012));
#2667=CARTESIAN_POINT('',(-0.01176821816473,0.068742465053225,0.018300050800102));
#2668=CARTESIAN_POINT('',(-0.00815618848811602,0.06513043537661,0.018300050800102));
#2669=CARTESIAN_POINT('',(-0.01176821816473,0.068742465053225,0.018300050800102));
#2670=CARTESIAN_POINT('',(-0.006988752857506,0.06629787100722,0.018300050800102));
#2671=CARTESIAN_POINT('',(-0.00582131722689525,0.0674653066378303,0.018300050800102));
#2672=CARTESIAN_POINT('',(-0.005821317226895,0.06746530663783,0.018300050800102));
#2673=CARTESIAN_POINT('',(-0.00943334690350973,0.0710773363144453,0.018300050800102));
#2674=CARTESIAN_POINT('',(-0.01060078253412,0.069909900683835,0.018300050800102));
#2675=MECHANICAL_DESIGN_GEOMETRIC_PRESENTATION_REPRESENTATION('',(#1601),
#2677);
#2676=MECHANICAL_DESIGN_GEOMETRIC_PRESENTATION_REPRESENTATION('',(#1602),
#2678);
#2677=(
GEOMETRIC_REPRESENTATION_CONTEXT(3)
GLOBAL_UNCERTAINTY_ASSIGNED_CONTEXT((#2679))
GLOBAL_UNIT_ASSIGNED_CONTEXT((#2685,#2683,#2681))
REPRESENTATION_CONTEXT('Part 1','TOP_LEVEL_ASSEMBLY_PART')
);
#2678=(
GEOMETRIC_REPRESENTATION_CONTEXT(3)
GLOBAL_UNCERTAINTY_ASSIGNED_CONTEXT((#2680))
GLOBAL_UNIT_ASSIGNED_CONTEXT((#2686,#2684,#2682))
REPRESENTATION_CONTEXT('Part 2','TOP_LEVEL_ASSEMBLY_PART')
);
#2679=UNCERTAINTY_MEASURE_WITH_UNIT(LENGTH_MEASURE(1.E-8),#2685,
'DISTANCE_ACCURACY_VALUE','Maximum Tolerance applied to model');
#2680=UNCERTAINTY_MEASURE_WITH_UNIT(LENGTH_MEASURE(1.E-8),#2686,
'DISTANCE_ACCURACY_VALUE','Maximum Tolerance applied to model');
#2681=(
NAMED_UNIT(*)
SI_UNIT($,.STERADIAN.)
SOLID_ANGLE_UNIT()
);
#2682=(
NAMED_UNIT(*)
SI_UNIT($,.STERADIAN.)
SOLID_ANGLE_UNIT()
);
#2683=(
NAMED_UNIT(*)
PLANE_ANGLE_UNIT()
SI_UNIT($,.RADIAN.)
);
#2684=(
NAMED_UNIT(*)
PLANE_ANGLE_UNIT()
SI_UNIT($,.RADIAN.)
);
#2685=(
LENGTH_UNIT()
NAMED_UNIT(*)
SI_UNIT($,.METRE.)
);
#2686=(
LENGTH_UNIT()
NAMED_UNIT(*)
SI_UNIT($,.METRE.)
);
#2687=PRODUCT_DEFINITION_SHAPE('','',#2689);
#2688=PRODUCT_DEFINITION_SHAPE('','',#2690);
#2689=PRODUCT_DEFINITION('','',#2693,#2691);
#2690=PRODUCT_DEFINITION('','',#2694,#2692);
#2691=PRODUCT_DEFINITION_CONTEXT('',#2705,'design');
#2692=PRODUCT_DEFINITION_CONTEXT('',#2706,'design');
#2693=PRODUCT_DEFINITION_FORMATION_WITH_SPECIFIED_SOURCE('','',#2697,
 .NOT_KNOWN.);
#2694=PRODUCT_DEFINITION_FORMATION_WITH_SPECIFIED_SOURCE('','',#2698,
 .NOT_KNOWN.);
#2695=PRODUCT_RELATED_PRODUCT_CATEGORY('','',(#2697));
#2696=PRODUCT_RELATED_PRODUCT_CATEGORY('','',(#2698));
#2697=PRODUCT('Part 1','Part 1','Part 1',(#2701));
#2698=PRODUCT('Part 2','Part 2','Part 2',(#2702));
#2699=PRODUCT_CATEGORY('','');
#2700=PRODUCT_CATEGORY('','');
#2701=PRODUCT_CONTEXT('',#2705,'mechanical');
#2702=PRODUCT_CONTEXT('',#2706,'mechanical');
#2703=APPLICATION_PROTOCOL_DEFINITION('international standard',
'ap242_managed_model_based_3d_engineering',2020,#2705);
#2704=APPLICATION_PROTOCOL_DEFINITION('international standard',
'ap242_managed_model_based_3d_engineering',2020,#2706);
#2705=APPLICATION_CONTEXT('managed model based 3d engineering');
#2706=APPLICATION_CONTEXT('managed model based 3d engineering');
ENDSEC;
END-ISO-10303-21;
